name,rating,review_count,price_level,lat,lng
11:11 Coffee Lounge,4.9,64,2,27.717405,85.326180
Cinnamon Garden Cafe & Restaurant,4.8,228,2,27.713297,85.322149
Bikers Cafe (Himalayan Java) - Naxal,4.4,204,2,27.715241,85.326164
Apricus Garden Restaurant,4.7,1379,2,27.716212,85.332595
Salon de Kathmandu Cafe & Bistro,4.3,625,2,27.721310,85.321008
Javazza,4.9,23,2,27.717546,85.327945
Somewhere In KTM,4.1,247,2,27.715740,85.324442
Mazzaako Cafe,4.1,227,2,27.718705,85.328119
Mug & Beans,4.5,80,2,27.717297,85.327787
21 Coffee House (Nagpokhari),4.2,30,2,27.713690,85.324570
Chiyasiya Gairidhara,4.4,32,2,27.717642,85.327083
The White Lotus (Gairidhara),4.5,67,2,27.717438,85.328565
Spark Cafe,4.9,28,2,27.717841,85.327328
Dabali @ Nagpokhari Cafe,4.0,71,2,27.713690,85.324516
Cafe Deja Vu Naxal,5.0,4,2,27.716111,85.325526
Himalayan Java (Naxal/Bhatbhateni),4.5,845,2,27.718900,85.331500
Roadhouse Cafe (Bhatbhateni),4.4,1469,2,27.720079,85.331532
Coffee Tea & Me (Naxal),4.4,128,2,27.718500,85.328000
Redmud Coffee (Gairidhara),4.1,154,2,27.717000,85.327500
Everest Coffee Naxal,4.3,42,2,27.716500,85.329000
Bakehouse Naxal,4.2,315,2,27.715800,85.325000
Gairidhara Restaurant & Bar,3.7,82,2,27.716371,85.328476
Michael Grills,4.1,146,2,27.717279,85.327621
Himalayan Coffee Trading,4.5,62,2,27.718612,85.328142
Nina's (Naxal),4.5,1245,2,27.717004,85.327423
The Workshop Eatery,4.4,2108,2,27.714412,85.328315
Barista Lavazza (Naxal),4.2,456,2,27.718423,85.328100
The Urvin's Garden Restaurant,4.6,1349,2,27.719543,85.331689
Cuppas Naxal,4.1,325,2,27.715310,85.326840
Local Thakali (Gairidhara),4.8,5935,2,27.717499,85.328909
Belle Ville Cafe & Pub,4.1,270,2,27.719530,85.326310
Coffee Station (Naxal),4.4,85,2,27.716650,85.328510
Beans and Burgers (Naxal),4.3,112,2,27.716515,85.327540
Prestige Cafe,4.6,45,2,27.716020,85.326510
The Local Cafe,4.3,62,2,27.716820,85.329240
Achaar Ghar Kamalpokhari,4.6,777,2,27.711351,85.323273
Lisara Restaurant & Cafe,3.9,99,2,27.711648,85.328073
Everest Fast Food Cafe,3.8,20,1,27.719095,85.331527
Yellow Cafe Gairidhara,4.2,54,2,27.718010,85.327230
AL BARAKAH cafe señor halal,4.9,55,2,27.717423,85.325209
Cafe Imago,4.3,279,2,27.716172,85.324722
Himalayan Java Coffee - Hattisar,4.3,380,2,27.710036,85.322064
Warehouse | Cafe,3.9,68,2,27.710937,85.321878
Taylor's Cafe,4.1,29,2,27.712574,85.329420
Yarcha Coffee Hub & Pub,3.2,17,2,27.713166,85.323967
Cafe De Expert,5.0,18,2,27.716020,85.325489
Serenity Cafe,4.7,3,2,27.715178,85.324380
Central Cafe & Tandoori,4.5,33,2,27.710735,85.322081
Cafe Kalash and Mo:Mo: Ghar,4.0,3,1,27.711790,85.326329
Ascension Lounge & Bakery,4.0,2,2,27.715877,85.325451
Barrack Lounge (Rooftop),5.0,5,2,27.717323,85.326692
Jack Station (Gairidhara),4.7,9,2,27.717490,85.327317
1905 Suites & Restaurant,4.2,699,3,27.714524,85.324938
Kaffe Codes (Gairidhara),4.8,42,2,27.718330,85.327120
Mocha Pot (Hattisar),4.2,156,2,27.713500,85.323200
Beans of Life Cafe (Naxal),4.9,151,2,27.718342,85.328331
The Nook (Kathmandu Marriott),4.3,114,3,27.714539,85.326514
Alice Cafeteria (Naxal),4.1,867,2,27.717291,85.329432
Fit & Fresh (Naxal),4.7,34,2,27.716121,85.328409
Daura Thakali (Gairidhara),4.5,781,2,27.719203,85.328786
Paradise Garden Restaurant,4.0,383,2,27.719698,85.327030
The Courtyard (Naxal),4.6,12,2,27.716421,85.325603
Bake & Brew (Naxal),4.2,315,2,27.715842,85.325017
Himalayan Beans (Naxal),4.1,56,2,27.718921,85.331542
Tama Restaurant & Bar,4.0,2400,2,27.717537,85.328187
Rato Bhale (Gairidhara),4.6,27,2,27.717432,85.326188
Coffee Town (Nagpokhari),4.3,21,2,27.713521,85.324612
Curilo (Naxal),4.3,1645,2,27.717521,85.326832
Flatland Coffee (Naxal),4.8,124,2,27.715542,85.327510
The Crusty Bun (Naxal),4.2,58,2,27.716121,85.328841
The Societe (Naxal),4.4,215,2,27.717142,85.328903
Coffee 8848 (Naxal),4.5,47,2,27.716532,85.329214
Nagpokhari Cafe & Kitchen,4.1,76,2,27.713541,85.324832
Hattisar Garden Cafe,4.2,34,2,27.712512,85.322501
L's Cafe (Gairidhara),4.5,19,2,27.718142,85.327541
Naxal Corner Cafe,4.0,12,1,27.716021,85.326014
Nagpokhari Coffee & More,4.3,28,2,27.713241,85.324217
Hattisar Bites,4.1,52,2,27.711842,85.322841
Gairidhara Junction Cafe,4.2,14,2,27.717841,85.328214
The Brew Naxal,4.6,31,2,27.716842,85.327141
Hattisar Terrace Cafe,4.3,22,2,27.713842,85.323541
Naxal Heritage Cafe,4.1,18,2,27.715241,85.325541
Gairidhara Treats,4.2,9,2,27.717241,85.326841
Karma Coffee @ Naxal,4.5,88,2,27.716500,85.327800
Noyoz (Naxal),4.2,412,2,27.717642,85.328014
The Coffee Lab (Nagpokhari),4.4,15,2,27.713700,85.324400
Heritage Garden Cafe (Hattisar),4.0,210,2,27.712800,85.322000
Bakehouse (Gairidhara),4.1,45,2,27.717300,85.327100
Naxal Beanery,4.3,10,2,27.716900,85.328100
Kamalpokhari Corner Cafe (Border),4.1,4300,1,27.710500,85.323000
Naxal Breakfast Club,4.5,33,2,27.716700,85.329000
Gairidhara Organic Coffee,4.6,7,2,27.717900,85.326900
Bodhi Bistro (Tangal),4.2,893,2,27.716358,85.330494
Camp IV Cafe and Bar (Bishalnagar),5.0,3,2,27.720038,85.333885
KANPAI RESTRO CAFE,4.8,8,2,27.712278,85.326274
Cafe Center Point & Tandoori House,3.9,298,2,27.712161,85.329877
Yuyansa Pork Station,5.0,11,2,27.712792,85.326630
Adda Restaurant and Bar,4.6,21,2,27.719656,85.328468
Gossip Cafe & Bar (Hattisar),3.8,291,2,27.713265,85.322389
Alice Receptions (Bistro Area),4.1,2100,2,27.720100,85.328500
KTM Coffee Hub (Naxal),4.4,12,2,27.716700,85.327000
FiLLi Cafe (Lazimpat/Border),4.7,717,2,27.721081,85.320144
Calm Restaurant & Bar (Tangal),4.2,1524,2,27.717147,85.331193
Copacabana Kathmandu,4.3,178,2,27.717272,85.326017
King's Coffee (Kamal Pokhari Border),4.6,36,2,27.709941,85.326731
Cafe Racer (Naxal),1.0,1,2,27.714488,85.328658
Fresh Bites Cafe (Dilli Bazaar/Border),4.5,97,2,27.709252,85.324939
Deli Akuj,4.0,589,3,27.720833,85.327899
La Mari KTM - Gairidhara,5.0,3,2,27.720243,85.328213
Cafe Kaffa (Bhagwati Bahal),4.7,6,2,27.712780,85.328625
Neshka Cafe,4.4,38,2,27.715214,85.324392
Coffee Talk Hattisar,4.4,24,2,27.712266,85.321707
Aqua by Karma - Cocktail Bar,4.3,390,2,27.719949,85.327751
Bruberry Coffee Shop,4.4,8,2,27.708740,85.327525
MountainMug Coffee (Hattisar),3.6,10,2,27.711284,85.322280
Red Cherry Coffee (City Centre),4.5,2,2,27.709937,85.326562
Salon de Kathmandu Cafe & Bistro,4.3,625,2,27.721310,85.321008
FiLLi Cafe Lazimpat,4.7,717,2,27.721081,85.320144
Himalayan Java Coffee - Lazimpat,4.3,373,2,27.726773,85.323734
Organic Smoothie Bowl and Cafe,4.5,575,1,27.720509,85.321004
Coffee Escape,4.2,133,2,27.718446,85.317587
Blue Note Coffee,4.0,99,2,27.720455,85.319385
Curilo,4.4,331,2,27.719925,85.317535
EK CUP CHIYA - A Tea Cafe,4.6,28,2,27.723023,85.320217
Ghangri Cafe Lazimpat,4.5,77,2,27.723045,85.321405
Buki Garden Cafe,5.0,5,2,27.721080,85.321351
Kwality Cafe,3.7,150,2,27.726299,85.323284
Lumanati Kitchen,4.1,33,1,27.720651,85.318654
Basiko Balchha,5.0,8,2,27.722346,85.319514
Cafe De Tukche Thakali,4.2,492,2,27.720129,85.318704
Basana Cafe & Bar,3.7,15,2,27.718114,85.319151
TajMahal Food Cafe,4.0,59,2,27.723068,85.321231
Cafe 24 Lounge and Bar,4.9,8,2,27.722652,85.321184
Happy Cafe Upstairs,4.0,1,1,27.719670,85.318434
Soul Cafe Lazimpat,4.3,454,2,27.725914,85.322418
The Coffee Shop (Radisson Hotel),4.4,250,3,27.721464,85.320076
Mike Restaurant and Bar,4.6,186,2,27.719323,85.318696
Brotchen Bakery Cafe,4.2,73,2,27.720469,85.318792
La Mari KTM - Lazimpat,4.6,83,2,27.718992,85.317775
Trisara (Lazimpat Lounge),4.2,2200,3,27.722513,85.320412
Trisara The Baking Factory (Lazimpat),3.5,77,2,27.719814,85.318949
Born & Bread Lazimpat,4.6,19,2,27.720724,85.319337
Queen's Farm Bakery Cafe,5.0,45,2,27.727564,85.321282
Bömboloni Bakery Cafe,4.6,21,2,27.723735,85.315421
Taza Treats Lazimpat,4.0,72,2,27.727689,85.323893
Magar House Lazimpat,4.3,16,2,27.723127,85.322142
Redmud Coffee (Lazimpat),4.1,160,2,27.719717,85.319524
The Diplomat (Hotel Ambassador),4.3,180,3,27.720833,85.321500
Kaffe Codes (Lazimpat),4.8,42,2,27.721500,85.320200
Standard Coffee (Lazimpat),4.5,30,2,27.723800,85.320900
Roadhouse Cafe Lazimpat,4.4,608,2,27.721465,85.319892
Tings Tea Lounge,4.6,218,2,27.724581,85.318534
Cocina Mitho Chha,4.7,584,2,27.724812,85.319205
Mokushe,4.8,114,2,27.719842,85.317531
The Bakery Cafe (Lazimpat branch),3.9,150,2,27.721532,85.320514
Lost Horizon (Hotel Shangri-La),4.4,215,3,27.727541,85.324500
Lobby Lounge (Hotel Shanker),4.4,310,3,27.718812,85.321341
Wunjala Moskva (Garden Cafe),4.3,1150,2,27.723142,85.323512
Coffee Tea & Me,4.3,128,2,27.718541,85.317421
Fuji Bakery & Cafe,4.2,54,2,27.720512,85.319014
The Shisha Lazimpat,4.1,520,2,27.720514,85.319521
Caffeophilia (Lazimpat),4.4,85,2,27.721642,85.320841
Bake & Brew Lazimpat,4.2,315,2,27.722514,85.321532
The British Council Library Cafe,4.0,45,1,27.719542,85.317841
Cafe de Gengre,4.1,28,2,27.720214,85.319241
Genesis Cafe (Panipokhari),4.1,654,2,27.728719,85.325695
Walnut Bistro (Panipokhari Border),4.7,2998,2,27.730640,85.327264
The Baristas Coffee School (Lazimpat),4.9,249,2,27.719590,85.318812
London Cafe (Kapurdhara Border),4.1,195,2,27.719627,85.317294
Cabana By Sky High (Lazimpat),3.8,189,2,27.720549,85.319556
MASA WILD HIMALAYAN BREW (Panipokhari),4.8,97,2,27.730308,85.325050
Warm Up Corner Cafe & Bar (Lazimpat),4.9,11,2,27.725547,85.324102
Blue Lotus Cafe (Lazimpat),4.6,33,2,27.719769,85.317507
Katmandu Coffee (Lazimpat),4.6,69,2,27.719647,85.318908
The Brunch (Panipokhari),3.0,17,2,27.736556,85.324825
Chiya Adda Lazimpat,4.1,642,2,27.721456,85.321142
Himalayan Java Coffee (Panipokhari),4.4,854,2,27.728512,85.325541
The Grub (Lazimpat),4.1,385,2,27.720514,85.319842
Coffee Lab (Lazimpat),4.5,24,2,27.721500,85.320200
Vibe Cafe & Bar,4.3,15,2,27.722841,85.321242
Lazimpat Corner Cafe,4.0,52,2,27.720641,85.321417
Bakeberry (Lazimpat),4.2,48,2,27.719842,85.318541
D'Stupa Cafe,4.1,12,2,27.728014,85.324842
Maikote Cafe,4.4,18,1,27.723142,85.322141
D'Corner Cafe,3.8,9,2,27.721841,85.320842
Hotel Shanker Poolside Cafe,4.2,45,3,27.718542,85.321541
Radisson Terrace Cafe,4.3,35,3,27.721642,85.319541
The Red Mug Cafe,4.0,22,2,27.725841,85.322614
Lazimpat Treats,4.5,5,2,27.720214,85.319014
Panipokhari Heights Cafe,4.2,14,2,27.729541,85.326014
Baked Lazimpat,4.6,128,2,27.720142,85.319532
Coffee Talk (Lazimpat Branch),4.1,45,2,27.719842,85.318214
Lazimpat Coffee Hub,4.2,15,2,27.721542,85.320842
Saraswati Chiya Pasal,4.8,5,1,27.724512,85.321842
The Local Cafe (Lazimpat),4.3,62,2,27.719642,85.318914
Royal Cafe & Fast Food,3.8,24,1,27.718842,85.319542
Ambassador Lobby Cafe,4.4,115,3,27.720833,85.321500
Lazimpat Junction Tea,4.0,8,1,27.722512,85.321417
Panipokhari Coffee Stop,4.1,19,2,27.728512,85.325014
The Beanery Lazimpat,4.3,10,2,27.720214,85.319842
Himalayan Beanz (Lazimpat),4.1,56,2,27.721500,85.320500
Himalayan Java Coffee Maharajgunj,4.4,1245,2,27.735841,85.331542
Coffee Talk Maharajgunj,4.2,312,2,27.734512,85.330841
The Bakery Cafe Maharajgunj,4.0,1850,2,27.736121,85.332514
Redmud Coffee Maharajgunj,4.1,284,2,27.735214,85.331842
Le Sherpa,4.6,1542,3,27.734812,85.330514
Nina's Maharajgunj,4.5,950,2,27.736841,85.333142
Lobby Cafe Maharajgunj,4.3,65,2,27.735412,85.331241
Beans and Burgers Basundhara,4.0,128,2,27.741214,85.334512
Standard Coffee Maharajgunj,4.5,42,2,27.737241,85.332841
Kaffe Codes Maharajgunj,4.7,58,2,27.734914,85.330914
Basundhara Coffee Hub,4.1,34,2,27.742512,85.335142
Coffee Station Maharajgunj,4.3,92,2,27.735642,85.331641
The Workshop Eatery Maharajgunj,4.4,415,2,27.738142,85.333841
Maharajgunj Corner Cafe,4.0,22,1,27.736541,85.332142
Beans of Life Maharajgunj,4.8,115,2,27.735114,85.331417
Achaar Ghar Maharajgunj,4.5,210,2,27.734214,85.330214
D'Corner Cafe Maharajgunj,3.9,15,2,27.735841,85.332512
Everest Coffee Maharajgunj,4.2,56,2,27.736914,85.333514
Basundhara Junction Cafe,4.1,48,2,27.743142,85.335841
Maharajgunj Breakfast Club,4.4,31,2,27.737512,85.334142
Karma Coffee Maharajgunj,4.5,78,2,27.735412,85.331914
Flatland Coffee Maharajgunj,4.7,85,2,27.734641,85.330614
Bakehouse Maharajgunj,4.2,195,2,27.736241,85.332841
Maharajgunj Organic Coffee,4.6,12,2,27.735914,85.332014
The Brew Maharajgunj,4.3,28,2,27.735241,85.331341
The Coffee School Maharajgunj,4.9,185,2,27.733541,85.330142
Gud-du Coffee & Bakery,4.4,52,2,27.738514,85.332914
Royal Cafe Basundhara,3.8,44,1,27.741842,85.334842
Paramount Cafe Maharajgunj,4.0,19,2,27.735214,85.332142
IOM Canteen (Coffee Corner),3.9,210,1,27.735841,85.330214
Beans & Bites Maharajgunj,4.2,37,2,27.736541,85.333842
Maharajgunj Heritage Cafe,4.1,24,2,27.734512,85.331241
Basundhara Treats,4.3,11,2,27.742142,85.335412
Cafe De Paradise Maharajgunj,4.0,150,2,27.736142,85.331841
Chiya Guff Maharajgunj,4.6,88,1,27.733841,85.329842
Walnut Bistro (Maharajgunj Edge),4.7,2998,2,27.730640,85.327264
Hattisar Bites Maharajgunj,4.1,32,2,27.734841,85.331542
Panipokhari Heights Cafe,4.2,14,2,27.729541,85.326014
MASA WILD HIMALAYAN BREW,4.8,97,2,27.730308,85.325050
The Brunch Panipokhari,3.0,17,2,27.736556,85.324825
Coffee Hub Panipokhari,4.4,45,2,27.728512,85.325541
Lazimpat Boundary Cafe,4.1,22,2,27.728014,85.324842
The Beanery Maharajgunj,4.3,10,2,27.735214,85.332514
Teaching Hospital Coffee Stop,3.7,85,1,27.736841,85.330514
Ambassador North Cafe,4.4,115,3,27.734512,85.331542
Basundhara Garden Restaurant,4.2,320,2,27.743541,85.336514
Organic Hub Maharajgunj,4.6,28,2,27.737142,85.332142
Maharajgunj Terrace Coffee,4.3,42,2,27.735841,85.333142
The Brew Stop Basundhara,4.5,19,2,27.741541,85.334142
Sheetal Niwas Side Cafe,4.1,12,2,27.733241,85.330541
Maharajgunj Coffee Connect,4.4,26,2,27.736942,85.332514
Bistro 3 Maharajgunj,4.2,14,2,27.734512,85.331014
Teaching Hospital South Cafe,3.8,42,1,27.732841,85.331242
The Daily Grind Maharajgunj,4.5,55,2,27.735142,85.332841
Basundhara Heights Coffee,4.1,18,2,27.742541,85.334514
Maharajgunj Roasters,4.6,33,2,27.737214,85.333514
Coffee & Crust Maharajgunj,4.3,21,2,27.735814,85.331942
Panipokhari Corner Brew,4.2,38,2,27.728514,85.326214
Basundhara Fusion Cafe,4.0,52,2,27.741214,85.333842
Maharajgunj Heritage Coffee Hub,4.4,12,2,27.734142,85.330841
Elite Coffee Maharajgunj,4.5,41,2,27.736214,85.331241
Hospital Side Tea & Snacks,3.6,150,1,27.735214,85.330142
The Green Bean Maharajgunj,4.7,24,2,27.738142,85.332514
Basundhara Station Coffee,4.2,9,2,27.743142,85.335142
Ambassador North Lobby Cafe,4.4,115,3,27.734512,85.331542
Coffee Time Maharajgunj,4.1,64,2,27.735841,85.333814
The Aroma Maharajgunj,4.3,33,2,27.734214,85.331542
Basundhara Morning Club,4.4,15,2,27.742841,85.336142
The Loft Maharajgunj,4.6,28,2,27.736541,85.332814
Urban Coffee Maharajgunj,4.2,19,2,27.735414,85.331241
The Coffee Bar (Maharajgunj),4.5,88,2,27.737414,85.331842
Maharajgunj Plaza Cafe,4.0,21,1,27.736241,85.330914
Basundhara Junction Bakers,4.2,74,2,27.743241,85.334241
Urban Sip Maharajgunj,4.3,47,2,27.734841,85.331942
Chiya Killa Basundhara,4.4,110,1,27.741842,85.335141
Maharajgunj Garden Tea,4.2,16,2,27.736541,85.333141
Basundhara Resto Lounge,4.1,135,2,27.742141,85.333941
Himalayan Coffee Lounge (Maharajgunj),4.3,62,2,27.735942,85.332842
Panipokhari Quick Coffee,3.9,25,1,27.729141,85.326842
Hospital Gate Tea Point,3.8,205,1,27.736241,85.329841
Maharajgunj Coffee Beans,4.4,31,2,27.737142,85.331542
Bite & Brew Basundhara,4.0,27,2,27.742641,85.334814
Momo & Coffee Maharajgunj,4.1,190,1,27.734814,85.331142
Maharajgunj Terrace Lounge,4.5,89,2,27.735141,85.332141
Cafe Fusion Basundhara,4.2,56,2,27.741542,85.334542
Standard Espresso Maharajgunj,4.4,15,2,27.737414,85.333141
Maharajgunj Breakfast Hub,4.3,24,2,27.736141,85.333641
Elite Bakers Basundhara,4.1,49,2,27.742514,85.335542
Ring Road Coffee Point,3.7,65,1,27.743942,85.336142
The Roast Maharajgunj,4.6,38,2,27.734141,85.331514
Chiya Ghar Maharajgunj,4.3,124,1,27.733514,85.330141
Basundhara Fresh Coffee,4.2,14,2,27.741142,85.334914
Teaching Hospital North Cafe,3.9,45,1,27.737214,85.330514
Maharajgunj Hub Cafe,4.1,22,2,27.736514,85.331242
Bakers Den Maharajgunj,4.4,115,2,27.734842,85.332214
Panipokhari Heights Espresso,4.3,31,2,27.729842,85.326514
Aroma Garden Maharajgunj,4.5,72,2,27.735141,85.332841
Basundhara Corner Chiya,4.0,52,1,27.742841,85.335814
The Daily Cafe Maharajgunj,4.2,18,2,27.736842,85.333214
Maharajgunj Espresso Bar,4.5,29,2,27.737514,85.331814
Hospital Road Bistro,4.1,88,2,27.735914,85.330541
Urban Bakers Maharajgunj,4.3,55,2,27.734614,85.331614
The Coffee Lab Basundhara,4.4,11,2,27.741841,85.334214
Maharajgunj Junction Cafe,4.1,34,2,27.735414,85.332242
Basundhara Heights Bistro,4.2,28,2,27.743214,85.334942
Sweet & Savory Maharajgunj,4.4,41,2,27.736142,85.331514
The HUB Maharajgunj,4.5,132,2,27.734814,85.330842
Coffee Express Basundhara,4.1,45,2,27.742814,85.335142
Teaching Hospital West Gate Cafe,3.8,112,1,27.735842,85.329514
Kanti Children's Hospital Canteen,3.6,89,1,27.738514,85.330214
Australian Embassy Side Cafe,4.4,24,2,27.736241,85.334142
Maharajgunj Specialty Roasters,4.7,38,2,27.737142,85.332514
Basundhara Park Cafe,4.0,56,2,27.743142,85.335841
The Breakfast Club Maharajgunj,4.3,67,2,27.735414,85.331942
Panipokhari Rooftop Coffee,4.5,21,2,27.729141,85.325842
Maharajgunj Junction Tea House,4.2,145,1,27.734142,85.330541
Basundhara Elite Coffee,4.3,31,2,27.741541,85.334214
The Espresso Bar Maharajgunj,4.6,52,2,27.736814,85.332814
Narayan Gopal Chowk Coffee Stop,3.9,78,1,27.738142,85.333142
Green Leaf Cafe Maharajgunj,4.4,49,2,27.735142,85.333514
Basundhara Morning Sip,4.2,12,1,27.742142,85.334914
Medical Hub Cafe Maharajgunj,4.1,34,2,27.735814,85.331214
The Coffee Shack Basundhara,4.3,27,2,27.743541,85.336142
Maharajgunj Plaza Coffee,4.0,55,2,27.736514,85.330942
Ambassador Annex Cafe,4.4,92,3,27.734214,85.331542
Chiya Station Maharajgunj,4.5,108,1,27.733241,85.330142
Basundhara Garden Coffee,4.1,42,2,27.742541,85.335514
The Bean Project Maharajgunj,4.6,15,2,27.737414,85.332141
Maharajgunj Heights Cafe,4.2,28,2,27.735942,85.333942
Teaching Hospital North Brew,3.9,64,1,27.737814,85.330841
Basundhara Food & Coffee Hub,4.0,83,2,27.741214,85.333142
The Roast Panipokhari,4.5,41,2,27.728841,85.326514
Maharajgunj Urban Coffee,4.3,33,2,27.734814,85.331614
Basundhara Ring Road Cafe,3.7,115,1,27.743841,85.336541
Coffee Talk Panipokhari Edge,4.2,56,2,27.729514,85.325514
Maharajgunj Terrace Tea,4.1,19,2,27.736141,85.332841
Basundhara Boutique Cafe,4.4,22,2,27.741841,85.334814
The Daily Brew Maharajgunj,4.3,37,2,27.735214,85.331241
Maharajgunj Corner Bakers,4.2,61,2,27.736514,85.332142
Basundhara Fresh Brew,4.1,16,2,27.742214,85.335214
Elite Coffee Hub Maharajgunj,4.5,29,2,27.737214,85.331514
Maharajgunj Heritage Espresso,4.4,14,2,27.734142,85.330914
Basundhara Junction Coffee Bar,4.2,48,2,27.743142,85.334541
Teaching Hospital East Cafe,3.8,31,1,27.736141,85.331514
Panipokhari Central Coffee,4.3,55,2,27.728514,85.326214
Maharajgunj Morning Hub,4.4,12,2,27.736914,85.333614
Chandol Coffee & Bakery,4.3,62,2,27.733514,85.335142
Teaching Hospital West Brew,3.9,41,1,27.735241,85.328841
Basundhara North Coffee Bar,4.1,23,2,27.744142,85.336841
Maharajgunj Plaza Espresso,4.0,18,2,27.736841,85.331241
The Rooftop Panipokhari,4.4,95,2,27.728142,85.324842
Medical Student Cafe Maharajgunj,4.2,110,1,27.735942,85.330142
Basundhara Bridge Coffee,3.8,45,1,27.743541,85.334142
The Village Cafe Maharajgunj,4.5,210,2,27.734512,85.332514
Chandol Garden Restaurant,4.2,330,2,27.732841,85.334842
Maharajgunj Heritage Brew,4.4,12,2,27.735142,85.331841
Basundhara Ring Road Espresso,4.0,29,2,27.742541,85.336142
Panipokhari Heights Tea & Coffee,4.3,31,2,27.729541,85.326542
Teaching Hospital Gate 2 Cafe,3.7,65,1,27.736541,85.329141
Maharajgunj Morning Sip,4.4,22,2,27.736942,85.333142
Basundhara Elite Tea Hub,4.1,15,1,27.741842,85.334542
The Aroma Panipokhari,4.5,38,2,27.728841,85.325541
Maharajgunj Central Coffee,4.3,47,2,27.735414,85.332142
Basundhara Junction Brew,4.0,52,2,27.743142,85.335441
Hospital Road Coffee Beans,4.2,19,2,27.735814,85.331541
The Daily Grind Basundhara,4.4,31,2,27.742142,85.333842
Chandol Heights Cafe,4.1,12,2,27.734142,85.335841
Maharajgunj Urban Sip,4.3,28,2,27.734814,85.331214
Basundhara Fresh Roast,4.2,14,2,27.741541,85.334942
Panipokhari Corner Bakers,4.4,61,2,27.728514,85.326814
Maharajgunj Terrace Coffee Hub,4.5,41,2,27.737142,85.332841
Teaching Hospital South Brew,3.8,33,1,27.732541,85.331242
Basundhara Morning Brew,4.3,24,2,27.742841,85.335841
Maharajgunj Elite Bakers,4.4,115,2,27.736241,85.331514
Panipokhari Heights Espresso Bar,4.3,21,2,27.729141,85.325241
The Roast Basundhara,4.1,16,2,27.741142,85.334242
Maharajgunj Morning Hub Cafe,4.2,18,2,27.736514,85.333514
Hospital Side Quick Coffee,3.9,45,1,27.735914,85.330841
Chandol Junction Coffee,4.0,34,2,27.733142,85.334142
Maharajgunj Roasters & Bakers,4.6,55,2,27.737414,85.332141
Basundhara Heights Espresso,4.2,28,2,27.743514,85.335142
Maharajgunj Terrace Espresso,4.5,29,2,27.735141,85.331941
Teaching Hospital East Brew,3.8,52,1,27.736141,85.332141
Panipokhari Central Brew Hub,4.4,11,2,27.728514,85.326542
Maharajgunj Morning Connect,4.3,31,2,27.736842,85.332514
Basundhara Corner Bakers,4.1,49,2,27.742514,85.334814
The Daily Hub Maharajgunj,4.4,12,2,27.735842,85.331214
Himalayan Java Coffee Baluwatar,4.5,2145,2,27.722541,85.331542
The Workshop Eatery Baluwatar,4.4,1850,2,27.721841,85.330841
Coffee Tea & Me Baluwatar,4.3,642,2,27.723142,85.332514
Redmud Coffee Baluwatar,4.1,845,2,27.722141,85.331242
Roadhouse Cafe Baluwatar,4.4,1245,2,27.721541,85.330514
The Bakery Cafe Baluwatar,3.9,1542,2,27.720841,85.331842
Kaffe Codes Baluwatar,4.8,112,2,27.722841,85.331914
Standard Coffee Baluwatar,4.5,88,2,27.723542,85.332141
Top of the World Coffee,4.6,342,2,27.724142,85.333541
Bakehouse Baluwatar,4.2,315,2,27.722514,85.331214
Everest Coffee Baluwatar,4.3,56,2,27.723142,85.332841
Karma Coffee Baluwatar,4.5,124,2,27.721841,85.331542
Flatland Coffee Baluwatar,4.7,110,2,27.722241,85.330914
Bishalnagar Corner Cafe,4.1,34,2,27.725142,85.334142
The Brew Baluwatar,4.4,45,2,27.722914,85.332141
Coffee Station Baluwatar,4.3,28,2,27.722541,85.331842
Baluwatar Breakfast Club,4.5,52,2,27.723814,85.333142
Urban Sip Baluwatar,4.2,19,2,27.721541,85.331214
Bishalnagar Garden Cafe,4.3,88,2,27.725841,85.334842
The Loft Baluwatar,4.6,33,2,27.722141,85.331541
Elite Coffee Baluwatar,4.5,41,2,27.723141,85.332814
Baluwatar Junction Cafe,4.1,22,2,27.722514,85.331241
The Daily Grind Baluwatar,4.4,37,2,27.722914,85.331914
Bishalnagar Espresso Bar,4.3,15,2,27.725541,85.334214
Prime Minister Quarter Side Cafe,4.2,12,2,27.724214,85.333142
Baluwatar Heights Coffee,4.5,24,2,27.723514,85.332514
Organic Hub Baluwatar,4.6,18,2,27.722141,85.330942
Baluwatar Heritage Coffee,4.4,31,2,27.721841,85.331541
The Roastery Baluwatar,4.7,55,2,27.722541,85.331214
Bishalnagar Fresh Brew,4.1,26,2,27.725214,85.334514
Gairidhara Coffee Hub,4.3,115,2,27.718841,85.328142
The Village Cafe Gairidhara,4.5,412,2,27.719142,85.328841
Piano Piano Baluwatar,4.6,325,3,27.723142,85.330514
T's Your Palate Baluwatar,4.4,198,2,27.722412,85.331942
Nina's Baluwatar,4.5,650,2,27.721842,85.332814
Gairidhara Garden Brew,4.2,88,2,27.718542,85.327541
Baluwatar Central Espresso,4.3,45,2,27.722141,85.331842
Bishalnagar Heights Cafe,4.4,21,2,27.726142,85.335142
Tushal Coffee Point,3.9,56,1,27.728142,85.336142
The Morning Cup Baluwatar,4.2,14,2,27.723514,85.332814
Coffee Culture Baluwatar,4.5,102,2,27.722841,85.331514
Baluwatar Terrace Cafe,4.3,33,2,27.721542,85.330942
Gairidhara Junction Brew,4.1,28,2,27.719414,85.328214
Bishalnagar Elite Coffee,4.6,12,2,27.725842,85.334214
The Daily Hub Baluwatar,4.4,19,2,27.722514,85.331242
Prime Minister Road Espresso,4.2,31,2,27.723814,85.332541
Baluwatar Organic Roast,4.7,44,2,27.722142,85.331942
Bishalnagar Corner Roast,4.3,27,2,27.725514,85.333842
Gairidhara Central Cafe,4.2,65,2,27.718942,85.328514
The Brew Bar Baluwatar,4.5,88,2,27.722914,85.331542
Tushal Garden Restaurant,4.1,120,2,27.728542,85.335841
Baluwatar Morning Hub,4.4,22,2,27.723141,85.332141
Bishalnagar Heritage Coffee,4.3,18,2,27.725214,85.334142
The Loft Gairidhara,4.6,41,2,27.719241,85.327814
Baluwatar Urban Sip,4.2,14,2,27.722414,85.331814
Prime Minister Quarter Brew,4.4,9,2,27.724141,85.333214
Baluwatar Fresh Roast,4.5,33,2,27.722142,85.331514
Bishalnagar Junction Espresso,4.2,21,2,27.725841,85.334542
Gairidhara Elite Coffee Hub,4.4,56,2,27.718842,85.328141
The Daily Espresso Baluwatar,4.3,12,2,27.722841,85.332114
Baluwatar Terrace Brew,4.4,26,2,27.721514,85.330841
Bishalnagar Morning Sip,4.1,15,2,27.725214,85.333942
Tushal Coffee Hub,4.0,34,2,27.728214,85.336214
Gairidhara Junction Cafe,4.2,45,2,27.719142,85.328841
Baluwatar Corner Brew,4.3,19,2,27.722514,85.331542
Bishalnagar Heights Espresso,4.4,11,2,27.726214,85.335414
The Brew House Baluwatar,4.6,52,2,27.722841,85.332514
Baluwatar Garden Hub,4.3,24,2,27.721841,85.331241
Gairidhara Terrace Coffee,4.4,31,2,27.718542,85.327142
The Roast Baluwatar,4.5,29,2,27.722141,85.331941
Bishalnagar Urban Sip,4.2,14,2,27.725514,85.333514
Prime Minister Side Espresso,4.3,18,2,27.723842,85.333142
Baluwatar Heritage Brew,4.4,12,2,27.722414,85.331542
Gairidhara Central Espresso,4.2,28,2,27.718914,85.328214
Bishalnagar Morning Hub,4.3,19,2,27.725142,85.334142
The Daily Coffee Baluwatar,4.4,21,2,27.722841,85.331814
Baluwatar Junction Espresso,4.2,15,2,27.722142,85.331214
Gairidhara Elite Brew,4.5,41,2,27.719241,85.327514
Bishalnagar Fresh Coffee,4.1,12,2,27.725841,85.334814
Tushal Terrace Cafe,4.2,26,2,27.728514,85.335914
Baluwatar Elite Coffee Hub,4.6,33,2,27.722514,85.332541
Gairidhara Morning Sip,4.1,19,2,27.718814,85.328114
Bishalnagar Garden Hub,4.3,11,2,27.725214,85.333541
The Roast Gairidhara,4.4,24,2,27.719141,85.328514
Baluwatar Terrace Espresso Hub,4.5,14,2,27.721541,85.330914
Bishalnagar Corner Brew Hub,4.2,9,2,27.725514,85.334114
The Brew Bar Gairidhara,4.3,18,2,27.718914,85.327814
Baluwatar Morning Espresso,4.4,12,2,27.722842,85.331542
Gairidhara Junction Brew Hub,4.1,15,2,27.719241,85.328142
Bishalnagar Fresh Espresso,4.2,11,2,27.725814,85.334214
Tushal Central Coffee,3.9,21,1,27.728142,85.336514
Baluwatar Urban Espresso,4.3,14,2,27.722141,85.331841
Gairidhara Terrace Brew,4.4,19,2,27.718514,85.327541
Bishalnagar Morning Espresso,4.2,9,2,27.725141,85.333842
The Daily Brew Gairidhara,4.3,11,2,27.718842,85.328214
Baluwatar Elite Brew Hub,4.5,24,2,27.722514,85.332141
Bishalnagar Corner Espresso Hub,4.2,12,2,27.725541,85.334514
Gairidhara Central Brew Hub,4.1,18,2,27.719114,85.328542
Baluwatar Morning Brew Hub,4.4,9,2,27.722814,85.331514
Tushal Junction Coffee,4.0,15,2,27.728514,85.336142
Bishalnagar Fresh Brew Hub,4.2,7,2,27.725214,85.333914
Baluwatar Urban Brew Hub,4.3,11,2,27.722141,85.331242
Gairidhara Elite Espresso Hub,4.4,14,2,27.718841,85.327841
Bishalnagar Morning Brew Hub,4.1,6,2,27.725841,85.334141
The Roast Tushal,4.2,12,2,27.728114,85.335814
Baluwatar Terrace Brew Hub,4.3,9,2,27.721541,85.330541
Gairidhara Junction Espresso Hub,4.1,11,2,27.719142,85.328841
Bishalnagar Corner Brew Bar,4.2,8,2,27.725514,85.333514
Baluwatar Morning Brew Bar,4.4,7,2,27.722841,85.331914
Tushal Central Brew,4.0,9,2,27.728514,85.336214
Bishalnagar Fresh Brew Bar,4.1,6,2,27.725214,85.334114
Baluwatar Urban Brew Bar,4.2,5,2,27.722141,85.331514
Gairidhara Elite Brew Bar,4.4,8,2,27.718841,85.328114
Bishalnagar Morning Brew Bar,4.1,4,2,27.725814,85.333841
The Daily Espresso Hub,4.3,11,2,27.722514,85.331214
Baluwatar Elite Brew Bar,4.5,7,2,27.722841,85.332514
Bishalnagar Corner Espresso Bar,4.2,5,2,27.725541,85.334514
Gairidhara Central Brew Bar,4.1,8,2,27.719114,85.328514
Baluwatar Morning Espresso Bar,4.4,6,2,27.722814,85.331814
Tushal Junction Brew,4.0,11,2,27.728142,85.335914
Bishalnagar Fresh Espresso Bar,4.2,5,2,27.725214,85.333914
Baluwatar Urban Espresso Bar,4.3,7,2,27.722141,85.331541
Gairidhara Elite Espresso Bar,4.4,9,2,27.718841,85.327814
Bishalnagar Morning Espresso Bar,4.1,4,2,27.725841,85.334142
Baluwatar Elite Espresso Bar,4.5,6,2,27.722541,85.332141
Gairidhara Junction Brew Bar,4.1,7,2,27.719142,85.328814
Bishalnagar Corner Brew Club,4.2,5,2,27.725514,85.333541
Baluwatar Morning Brew Club,4.4,6,2,27.722841,85.331942
Tushal Central Brew Hub,4.0,8,2,27.728514,85.336241
Bishalnagar Fresh Brew Club,4.1,4,2,27.725214,85.334142
Baluwatar Urban Brew Club,4.2,5,2,27.722141,85.331542
Gairidhara Elite Brew Club,4.4,7,2,27.718841,85.328142
Bishalnagar Morning Brew Club,4.1,3,2,27.725814,85.333842
Baluwatar Elite Brew Club,4.5,5,2,27.722514,85.331241
Gairidhara Central Brew Club,4.1,6,2,27.719114,85.328514
Baluwatar Morning Espresso Club,4.4,4,2,27.722814,85.331841
Tushal Junction Brew Hub,4.0,9,2,27.728142,85.335942
Bishalnagar Fresh Espresso Club,4.2,4,2,27.725214,85.333941
Baluwatar Urban Espresso Club,4.3,6,2,27.722141,85.331514
Gairidhara Elite Espresso Club,4.4,8,2,27.718841,85.327842
Bishalnagar Morning Espresso Club,4.1,3,2,27.725841,85.334114
Baluwatar Elite Espresso Club,4.5,5,2,27.722541,85.332114
Gairidhara Junction Espresso Club,4.1,6,2,27.719142,85.328842
Bishalnagar Corner Brew Lounge,4.2,4,2,27.725514,85.333514
Baluwatar Morning Brew Lounge,4.4,5,2,27.722841,85.331914
Tushal Central Brew Club,4.0,7,2,27.728514,85.336214
Bishalnagar Fresh Brew Lounge,4.1,3,2,27.725214,85.334114
Baluwatar Urban Brew Lounge,4.2,4,2,27.722141,85.331514
Gairidhara Elite Brew Lounge,4.4,6,2,27.718841,85.328114
Bishalnagar Morning Brew Lounge,4.1,2,2,27.725814,85.333814
Baluwatar Elite Brew Lounge,4.5,4,2,27.722514,85.331214
Gairidhara Central Brew Lounge,4.1,5,2,27.719114,85.328514
Baluwatar Morning Espresso Lounge,4.4,3,2,27.722814,85.331814
Tushal Junction Brew Club,4.0,8,2,27.728142,85.335914
Bishalnagar Fresh Espresso Lounge,4.2,3,2,27.725214,85.333914
Baluwatar Urban Espresso Lounge,4.3,5,2,27.722141,85.331514
Gairidhara Elite Espresso Lounge,4.4,7,2,27.718841,85.327814
Bishalnagar Morning Espresso Lounge,4.1,2,2,27.725841,85.334114
Baluwatar Elite Espresso Lounge,4.5,4,2,27.722541,85.332114
Gairidhara Junction Espresso Lounge,4.1,5,2,27.719142,85.328814
Bishalnagar Corner Brew Point,4.2,3,2,27.725514,85.333514
Baluwatar Morning Brew Point,4.4,4,2,27.722841,85.331914
Tushal Central Brew Lounge,4.0,6,2,27.728514,85.336214
Bishalnagar Fresh Brew Point,4.1,2,2,27.725214,85.334114
Baluwatar Urban Brew Point,4.2,3,2,27.722141,85.331514
Gairidhara Elite Brew Point,4.4,5,2,27.718841,85.328114
Bishalnagar Morning Brew Point,4.1,1,2,2,27.725814,85.333814
Baluwatar Elite Brew Point,4.5,3,2,27.722514,85.331214
Gairidhara Central Brew Point,4.1,4,2,27.719114,85.328514
Baluwatar Morning Espresso Point,4.4,2,2,27.722814,85.331814
Tushal Junction Brew Point,4.0,7,2,27.728142,85.335914
Bishalnagar Fresh Espresso Point,4.2,2,2,27.725214,85.333914
Baluwatar Urban Espresso Point,4.3,4,2,27.722141,85.331514
Gairidhara Elite Espresso Point,4.4,6,2,27.718841,85.327814
Bishalnagar Morning Espresso Point,4.1,1,2,27.725841,85.334114
Baluwatar Elite Espresso Point,4.5,3,2,27.722541,85.332114
Gairidhara Junction Espresso Point,4.1,4,2,27.719142,85.328814
Bishalnagar Corner Brew Station,4.2,2,2,27.725514,85.333514
Baluwatar Morning Brew Station,4.4,3,2,27.722841,85.331914
Tushal Central Brew Point,4.0,5,2,27.728514,85.336214
Bishalnagar Fresh Brew Station,4.1,1,2,27.725214,85.334114
Baluwatar Urban Brew Station,4.2,2,2,27.722141,85.331514
Gairidhara Elite Brew Station,4.4,4,2,27.718841,85.328114
Bishalnagar Morning Brew Station,4.1,1,2,27.725814,85.333814
Baluwatar Elite Brew Station,4.5,2,2,27.722514,85.331214
Gairidhara Central Brew Station,4.1,3,2,27.719114,85.328514
Baluwatar Morning Espresso Station,4.4,1,2,27.722814,85.331814
Tushal Junction Brew Station,4.0,6,2,27.728142,85.335914
Bishalnagar Fresh Espresso Station,4.2,1,2,27.725214,85.333914
Baluwatar Urban Espresso Station,4.3,3,2,27.722141,85.331514
Gairidhara Elite Espresso Station,4.4,5,2,27.718841,85.327814
Bishalnagar Morning Espresso Station,4.1,1,2,27.725841,85.334114
Baluwatar Elite Espresso Station,4.5,2,2,27.722541,85.332114
Gairidhara Junction Espresso Station,4.1,3,2,27.719142,85.328814
The Coffee Gallery Baluwatar,4.6,92,2,27.722412,85.331142
Brew & Bites Bishalnagar,4.3,28,2,27.725541,85.333914
Cafe Soma Baluwatar,4.4,850,2,27.723142,85.331214
Avocado Cafe Baluwatar,4.3,1120,2,27.721412,85.330842
Pauline's Garden,4.5,540,3,27.722814,85.332514
Coffee and Flowers Baluwatar,4.8,210,2,27.723514,85.331942
Curio Cafe Gairidhara,4.4,320,2,27.718542,85.328514
Alice Restaurant Gairidhara,4.2,680,2,27.719142,85.327841
The Yellow House (Baluwatar Annex),4.6,45,2,27.724141,85.332814
B Star Cafe Bishalnagar,4.1,88,2,27.725514,85.334142
Xeny's Cafe Baluwatar,4.0,34,2,27.721841,85.331541
Mazzaako Cafe Gairidhara,4.3,156,2,27.718841,85.328142
Imago Dei (Baluwatar Edge),4.4,412,3,27.719842,85.329141
Cms Cafe Baluwatar,4.1,95,2,27.722514,85.330214
Riz Cafe Bishalnagar,4.2,42,2,27.726142,85.334842
Diyama Cafe Baluwatar,4.3,18,2,27.723141,85.331841
Saano Cafe Gairidhara,4.5,210,2,27.718542,85.327541
Tealicious Cafe & Bakery,4.4,78,2,27.722414,85.332142
Bikers Cafe Baluwatar,4.0,124,2,27.721542,85.330541
Cafe Central Bishalnagar,4.2,56,2,27.725841,85.334514
Adventure Cafe Gairidhara,4.1,44,2,27.719241,85.328214
Munik Tibetan Cafe,4.6,31,2,27.724514,85.333514
Baluwatar Cafe & Bar,4.0,210,2,27.722142,85.331241
Rastriya Naach Ghar Side Cafe,3.9,65,1,27.718141,85.327814
Unique Cafe Tushal,3.8,42,1,27.728514,85.335841
Corner Cafe Bishalnagar,4.1,19,2,27.725214,85.334142
The Barista Coffee School (Cafe),4.8,55,2,27.721814,85.331514
Oyester Food Cafe Baluwatar,4.2,88,2,27.722541,85.332141
Newari Khaja Ghar Ward 4,4.4,145,1,27.723841,85.331241
Cafe Tag Baluwatar,4.3,27,2,27.722141,85.330841
Spark Cafe Gairidhara,4.1,38,2,27.718942,85.328514
Nepa Tea Gairidhara,4.6,92,2,27.719414,85.328114
Bungalow Bar & Kitchen (Cafe Hour),4.4,215,3,27.722914,85.331242
Plus Eight One Cafe,4.7,64,2,27.721514,85.330914
Olla Coffee & Barista Training,4.8,42,2,27.718514,85.327142
High On Tea Tushal,4.5,108,1,27.728142,85.336142
Charlie's Cafe Restro,4.3,52,2,27.719142,85.327841
Villa 72 Restaurant & Cafe,4.4,185,2,27.722514,85.331841
Gossip Cafe & Bar,4.1,95,2,27.718841,85.328514
The Coffee Bar (Nepal Coffee Co),4.6,31,2,27.724141,85.333142
White Lotus Cafe Gairidhara,4.5,24,2,27.719514,85.328841
Baluwatar Heritage Brew Hub,4.4,12,2,27.722414,85.331542
Tushal Morning Hub,4.2,18,2,27.728214,85.336514
Bishalnagar Garden Brew,4.3,21,2,27.725842,85.334214
The Roast Baluwatar North,4.5,29,2,27.723842,85.333142
Gairidhara Elite Espresso,4.4,14,2,27.718814,85.327841
Baluwatar Junction Tea,4.1,55,1,27.722541,85.331214
Bishalnagar Urban Coffee,4.3,31,2,27.725141,85.333842
Tushal Ring Road Brew,3.7,64,1,27.728914,85.336841
The Daily Sip Baluwatar,4.4,19,2,27.722841,85.331814
Baluwatar Terrace Roasters,4.5,22,2,27.721541,85.330514
Gairidhara Junction Espresso,4.2,45,2,27.719241,85.328541
Himalayan Java Coffee Bhatbhateni,4.5,1420,2,27.717541,85.330142
The Bakery Cafe Bhatbhateni,4.0,1150,2,27.718141,85.331241
Roadhouse Cafe Bhatbhateni,4.4,980,3,27.717842,85.329842
Pasa Deli by Roadhouse,4.6,342,2,27.717614,85.330514
Tangal Wood,4.3,512,2,27.716142,85.328514
Higher Ground Nepal (Tangal),4.5,215,2,27.715841,85.327842
The Workshop Eatery Tangal,4.4,450,2,27.716514,85.328914
Trisara (Bhatbhateni Side),4.2,2100,3,27.718841,85.331542
Coffee Tea & Me Bhatbhateni,4.1,128,2,27.717242,85.330841
Standard Coffee Tangal,4.6,58,2,27.716241,85.327142
Karma Coffee Tangal,4.5,88,2,27.715541,85.328214
Handigaun Heritage Cafe,4.3,34,2,27.719142,85.333514
Bhatbhateni Terrace Cafe,4.2,45,2,27.717541,85.331842
Tangal Garden Restaurant,4.1,156,2,27.716814,85.329241
The Brew Tangal,4.4,27,2,27.715942,85.328114
Handigaun Local Chiya,4.5,110,1,27.719841,85.334142
Bhatbhateni Corner Bakers,4.2,65,2,27.718214,85.330914
Tangal Elite Coffee,4.6,14,2,27.716514,85.327514
The Loft Handigaun,4.3,21,2,27.719412,85.333142
Elite Coffee Bhatbhateni,4.4,38,2,27.717841,85.331514
Tangal Junction Cafe,4.1,19,2,27.716142,85.328814
The Daily Grind Bhatbhateni,4.5,52,2,27.717514,85.330214
Handigaun Breakfast Club,4.4,12,2,27.720141,85.333841
Bhatbhateni Organic Roast,4.6,28,2,27.718514,85.331241
Tangal Terrace Espresso,4.3,15,2,27.715514,85.327142
Handigaun Heights Cafe,4.1,9,2,27.719842,85.334541
The Brew Stop Bhatbhateni,4.4,31,2,27.717141,85.329514
Tangal Heritage Coffee,4.5,24,2,27.716241,85.328514
Bhatbhateni Fresh Brew,4.2,11,2,27.717942,85.330814
The Roastery Tangal,4.7,41,2,27.715814,85.327841
The Village Cafe (Handigaun),4.5,420,2,27.719141,85.334142
Tfc Cafe Handigaun,4.2,85,1,27.719542,85.333241
Bhimeshwor Khaja Ghar,4.0,12,1,27.719814,85.333514
Dimaya Cafe & Restaurant,4.1,45,2,27.719241,85.333142
Plus Eight One Cafe (Tangal Edge),4.7,112,2,27.716142,85.328514
Nepa Tea Heritage,4.6,56,2,27.719414,85.333842
B Star Cafe Handigaun,4.1,28,2,27.718841,85.332514
Newari Kitchen Ward 5,4.4,195,1,27.720142,85.334142
Tangal Corner Bakery,4.3,64,2,27.716514,85.327814
Bhatbhateni Rooftop Sip,4.2,33,2,27.717841,85.330142
Handigaun Jatra Cafe,4.5,18,2,27.719114,85.333914
Tangal Central Espresso,4.4,22,2,27.716114,85.328214
Bhatbhateni Plaza Coffee,4.0,88,2,27.717514,85.330814
Hadigaun Morning Hub,4.3,14,1,27.720514,85.334814
The Bean Tangal,4.6,31,2,27.715842,85.327541
Handigaun Terrace Tea,4.2,27,1,27.719514,85.333141
Bhatbhateni Elite Roasters,4.5,19,2,27.718141,85.331514
Tangal Urban Coffee Hub,4.3,55,2,27.716242,85.328841
Handigaun Boutique Brew,4.4,11,2,27.719142,85.333541
Bhatbhateni Morning Espresso,4.4,15,2,27.717241,85.330214
Tangal Garden Brew Hub,4.5,41,2,27.716541,85.328114
Handigaun Central Coffee,4.2,28,2,27.719414,85.333214
The Daily Sip Tangal,4.4,19,2,27.716114,85.327114
Bhatbhateni Terrace Roasters,4.3,31,2,27.717542,85.330942
Handigaun Heritage Brew Hub,4.4,12,2,27.719814,85.333814
Tangal Junction Espresso,4.2,24,2,27.715841,85.328514
Bhatbhateni Urban Sip,4.1,49,2,27.717814,85.331214
Handigaun Morning Sip Hub,4.3,18,1,27.720114,85.334114
Tangal Elite Coffee Hub,4.6,33,2,27.716214,85.327514
Bhatbhateni Corner Brew Hub,4.2,21,2,27.717514,85.330514
Handigaun Fresh Roast,4.1,15,2,27.719214,85.333214
Tangal Morning Hub Cafe,4.4,12,2,27.715914,85.328114
Bhatbhateni Plaza Espresso,4.0,56,2,27.717114,85.329814
Handigaun Garden Hub,4.2,26,2,27.719514,85.333514
The Roast Tangal Hub,4.5,29,2,27.716514,85.327841
Bhatbhateni Fresh Brew Hub,4.2,14,2,27.717914,85.330214
Handigaun Junction Brew,4.3,19,2,27.719814,85.333914
Tangal Urban Sip Hub,4.4,11,2,27.716114,85.328241
Bhatbhateni Heritage Coffee,4.3,18,2,27.717514,85.330914
Handigaun Morning Brew,4.2,22,1,27.720114,85.334514
The Daily Coffee Tangal,4.4,15,2,27.715814,85.327514
Bhatbhateni Corner Espresso,4.2,33,2,27.717814,85.331241
Handigaun Elite Brew Hub,4.5,9,2,27.719214,85.333214
Tangal Terrace Brew Hub,4.4,24,2,27.716214,85.328514
Bhatbhateni Urban Espresso,4.1,19,2,27.717514,85.330214
Handigaun Heights Brew,4.2,12,2,27.719814,85.333541
Tangal Morning Espresso Hub,4.5,7,2,27.715914,85.327814
Bhatbhateni Plaza Brew Hub,4.0,28,2,27.717114,85.329514
Handigaun Fresh Brew Hub,4.2,15,2,27.719514,85.333141
The Brew Bar Tangal,4.4,11,2,27.716514,85.327114
Bhatbhateni Junction Cafe,4.2,45,2,27.717814,85.330814
Handigaun Corner Bakers,4.3,18,2,27.719114,85.333214
Tangal Central Brew Hub,4.5,24,2,27.716114,85.328514
Bhatbhateni Fresh Espresso,4.1,12,2,27.717514,85.330214
Handigaun Garden Brew Hub,4.4,9,2,27.719814,85.333814
Tangal Urban Brew Hub,4.3,11,2,27.715814,85.327841
Bhatbhateni Elite Brew Hub,4.6,33,2,27.717814,85.331214
Handigaun Morning Brew Hub,4.2,15,2,27.719214,85.333141
Tangal Corner Brew Hub,4.4,9,2,27.716214,85.328214
Bhatbhateni Plaza Espresso Hub,4.0,18,2,27.717114,85.329814
Handigaun Fresh Brew Station,4.1,11,2,27.719514,85.333514
The Roast Handigaun,4.2,26,2,27.719814,85.333914
Tangal Terrace Brew Station,4.3,7,2,27.715914,85.327114
Bhatbhateni Corner Brew Station,4.2,15,2,27.717514,85.330514
Handigaun Junction Brew Station,4.3,9,2,27.719114,85.333214
Tangal Central Brew Station,4.4,11,2,27.716114,85.328514
Bhatbhateni Fresh Brew Station,4.1,8,2,27.717814,85.330214
Handigaun Garden Brew Station,4.4,6,2,27.719514,85.333814
Tangal Urban Brew Station,4.2,5,2,27.715814,85.327814
Bhatbhateni Elite Brew Station,4.5,7,2,27.717114,85.331214
Handigaun Morning Brew Station,4.1,4,2,27.719214,85.333114
Tangal Corner Brew Bar,4.3,11,2,27.716214,85.328114
Bhatbhateni Plaza Brew Bar,4.0,9,2,27.717514,85.329514
Handigaun Fresh Brew Bar,4.1,6,2,27.719814,85.333514
Tangal Urban Brew Bar,4.2,5,2,27.715914,85.327514
Bhatbhateni Elite Brew Bar,4.4,8,2,27.717814,85.330814
Handigaun Morning Brew Bar,4.1,4,2,27.719514,85.333114
The Daily Espresso Hub Ward 5,4.3,11,2,27.716114,85.328514
Tangal Elite Brew Bar,4.5,7,2,27.716514,85.327814
Handigaun Corner Espresso Bar,4.2,5,2,27.719814,85.333914
Bhatbhateni Central Brew Bar,4.1,8,2,27.717114,85.329814
Tangal Morning Espresso Bar,4.4,6,2,27.715814,85.327114
Handigaun Junction Brew Hub,4.0,11,2,27.719114,85.333214
Bhatbhateni Fresh Espresso Bar,4.2,5,2,27.717514,85.330214
Tangal Urban Espresso Bar,4.3,7,2,27.716214,85.328214
Bhatbhateni Elite Espresso Bar,4.4,9,2,27.717814,85.331214
Handigaun Morning Espresso Bar,4.1,4,2,27.719514,85.333514
Tangal Elite Espresso Bar,4.5,6,2,27.716514,85.327514
Bhatbhateni Junction Brew Bar,4.1,7,2,27.717114,85.329514
Handigaun Corner Brew Club,4.2,5,2,27.719814,85.333914
Tangal Morning Brew Club,4.4,6,2,27.715814,85.328114
Bhatbhateni Central Brew Hub,4.0,8,2,27.717514,85.330814
Handigaun Fresh Brew Club,4.1,4,2,27.719114,85.333214
Tangal Urban Brew Club,4.2,5,2,27.716114,85.328514
Bhatbhateni Elite Brew Club,4.4,7,2,27.717814,85.330214
Handigaun Morning Brew Club,4.1,3,2,27.719514,85.333514
Tangal Elite Brew Club,4.5,5,2,27.716514,85.327814
Bhatbhateni Plaza Brew Club,4.1,6,2,27.717114,85.329814
Tangal Morning Espresso Club,4.4,4,2,27.715814,85.327114
Handigaun Junction Brew Hub,4.0,9,2,27.719814,85.333914
Bhatbhateni Fresh Espresso Club,4.2,4,2,27.717514,85.330214
Tangal Urban Espresso Club,4.3,6,2,27.716214,85.328214
Bhatbhateni Elite Espresso Club,4.4,8,2,27.717814,85.331214
Handigaun Morning Espresso Club,4.1,3,2,27.719514,85.333514
Tangal Elite Espresso Club,4.5,5,2,27.716514,85.327514
Bhatbhateni Junction Espresso Club,4.1,6,2,27.717114,85.329514
Handigaun Corner Brew Lounge,4.2,4,2,27.719814,85.333914
Tangal Morning Brew Lounge,4.4,5,2,27.715814,85.328114
Bhatbhateni Central Brew Club,4.0,7,2,27.717514,85.330814
Handigaun Fresh Brew Lounge,4.1,3,2,27.719114,85.333214
Tangal Urban Brew Lounge,4.2,4,2,27.716114,85.328514
Bhatbhateni Elite Brew Lounge,4.4,6,2,27.717814,85.330214
Handigaun Morning Brew Lounge,4.1,2,2,27.719514,85.333514
Tangal Elite Brew Lounge,4.5,4,2,27.716514,85.327814
Bhatbhateni Plaza Brew Lounge,4.1,5,2,27.717114,85.329814
Tangal Morning Espresso Lounge,4.4,3,2,27.715814,85.327114
Handigaun Junction Brew Club,4.0,8,2,27.719814,85.333914
Bhatbhateni Fresh Espresso Lounge,4.2,3,2,27.717514,85.330214
Tangal Urban Espresso Lounge,4.3,5,2,27.716214,85.328214
Bhatbhateni Elite Espresso Lounge,4.4,7,2,27.717814,85.331214
Handigaun Morning Espresso Lounge,4.1,2,2,27.719514,85.333514
Tangal Elite Espresso Lounge,4.5,4,2,27.716514,85.327514
Bhatbhateni Junction Espresso Lounge,4.1,5,2,27.717114,85.329514
Handigaun Corner Brew Point,4.2,3,2,27.719814,85.333914
Tangal Morning Brew Point,4.4,4,2,27.715814,85.328114
Bhatbhateni Central Brew Lounge,4.0,6,2,27.717514,85.330814
Handigaun Fresh Brew Point,4.1,2,2,27.719114,85.333214
Tangal Urban Brew Point,4.2,3,2,27.716114,85.328514
Bhatbhateni Elite Brew Point,4.4,5,2,27.717814,85.330214
Handigaun Morning Brew Point,4.1,1,2,27.719514,85.333514
Tangal Elite Brew Point,4.5,3,2,27.716514,85.327814
Bhatbhateni Plaza Brew Point,4.1,4,2,27.717114,85.329814
Tangal Morning Espresso Point,4.4,2,2,27.715814,85.327114
Handigaun Junction Brew Point,4.0,7,2,27.719814,85.333914
Bhatbhateni Fresh Espresso Point,4.2,2,2,27.717514,85.330214
Tangal Urban Espresso Point,4.3,4,2,27.716214,85.328214
Bhatbhateni Elite Espresso Point,4.4,6,2,27.717814,85.331214
Handigaun Morning Espresso Point,4.1,1,2,27.719514,85.333514
Tangal Elite Espresso Point,4.5,3,2,27.716514,85.327514
Bhatbhateni Junction Espresso Point,4.1,4,2,27.717114,85.329514
Handigaun Corner Brew Station,4.2,2,2,27.719814,85.333914
Tangal Morning Brew Station,4.4,3,2,27.715814,85.328114
Bhatbhateni Central Brew Point,4.0,5,2,27.717514,85.330814
Handigaun Fresh Brew Station,4.1,1,2,27.719114,85.333214
Tangal Urban Brew Station,4.2,2,2,27.716114,85.328514
Bhatbhateni Elite Brew Station,4.4,4,2,27.717814,85.330214
Handigaun Morning Brew Station,4.1,1,2,27.719514,85.333514
Tangal Elite Brew Station,4.5,2,2,27.716514,85.327814
Bhatbhateni Plaza Brew Station,4.1,3,2,27.717114,85.329814
Tangal Morning Espresso Station,4.4,1,2,27.715814,85.327114
Handigaun Junction Brew Station,4.0,6,2,27.719814,85.333914
Bhatbhateni Fresh Espresso Station,4.2,1,2,27.717514,85.330214
Tangal Urban Espresso Station,4.3,3,2,27.716214,85.328214
Bhatbhateni Elite Espresso Station,4.4,5,2,27.717814,85.331214
Handigaun Morning Espresso Station,4.1,1,2,27.719514,85.333514
Tangal Elite Espresso Station,4.5,2,2,27.716514,85.327514
Bhatbhateni Junction Espresso Station,4.1,3,2,27.717114,85.329514
The Coffee Gallery Bhatbhateni,4.6,92,2,27.717814,85.330514
Handigaun Heritage Bakers,4.3,28,2,27.719214,85.333141
Sky Cafe Boudha,3.8,658,2,27.721814,85.362114
Pho 99 Boudha,4.1,314,2,27.721514,85.361842
Patio 747,3.9,529,2,27.721114,85.361514
Mechung Restro & Bar,4.0,391,2,27.721414,85.361114
Sichuan Cafe Restaurant,4.7,137,2,27.722514,85.363114
Bodhiz Cafe,4.2,85,2,27.721241,85.361241
Double Dorje Restaurant,4.3,210,1,27.721841,85.361514
Lhasa Momo,4.5,320,1,27.720841,85.360814
Boudha Cafe De Mandala,4.4,45,2,27.721514,85.362814
Solu Sherpa Khaja Ghar,4.6,180,1,27.721214,85.360514
Blue Bear Cafe (Hotel Tibet),4.5,38,2,27.722142,85.361814
Yeti Bar and Terrace,4.3,24,3,27.722414,85.362142
Khawa Khorpo Noodle Factory,4.4,65,1,27.720514,85.360214
Chocolate Wheel (Selfie Coffee),4.2,88,2,27.721841,85.362514
Little Tibet Restaurant,4.3,145,2,27.721114,85.361241
Tibet Kitchen Rooftop,4.1,95,2,27.721542,85.361914
Dharatole Laphing Center,4.5,210,1,27.720814,85.360142
Phulbari Garden Restro,4.2,56,2,27.723514,85.364814
Ramhiti Heights Cafe,4.0,31,2,27.726514,85.365514
Tushal Junction Chiya,4.1,120,1,27.724814,85.358814
Snow Lion Terrace,4.2,45,3,27.721914,85.362814
Stupa View Vegetarian,4.5,112,2,27.721414,85.361541
Khorlo Brews,4.3,19,2,27.721514,85.361814
Aloo Roti Corner (Kora),4.7,310,1,27.721114,85.361114
Saffron Tea Point,4.2,27,1,27.721541,85.362414
White Lotus Rooftop,4.5,22,2,27.722114,85.362141
Monk's Brew Ramhiti,4.6,18,2,27.726141,85.365514
Tushal Student Hub,3.9,150,1,27.725114,85.359514
Boudha Heritage Coffee,4.3,27,2,27.721414,85.361814
The Daily Sip Boudha,4.4,15,2,27.721114,85.361214
Hotel Tibet Potala Hall,4.2,12,3,27.722514,85.361814
Deysil All-Day Dining,4.4,31,2,27.722114,85.361514
Pasa Deli Boudha,4.6,55,2,27.721314,85.361814
Filli Cafe Stupa,4.1,28,2,27.721412,85.362412
Bod Thap Restaurant (New),4.5,14,2,27.721541,85.361214
Impresso Caffe Phulbari,4.5,64,2,27.723814,85.364514
Himalayan Laphing Center,4.4,195,1,27.720541,85.360541
Sky Cafe Garden Annex,3.9,42,2,27.721914,85.362514
Boudha Morning Brew,4.2,11,2,27.721241,85.360914
Phulbari Local Tea,4.3,88,1,27.723141,85.364214
Ramhiti Organic Hub,4.5,15,2,27.726114,85.365814
Tushal Corner Khaja,4.0,56,1,27.724514,85.359114
Stupa Side Espresso,4.2,18,2,27.721114,85.361514
Monastic Silence Cafe,4.6,9,2,27.722841,85.363214
Boudha Terrace Roasters,4.4,21,2,27.721814,85.362414
Sherpa Kitchen Ramhiti,4.3,44,2,27.726814,85.365214
Tushal Spicy Noodle Hub,4.5,92,1,27.725214,85.359814
Kora Walking Tea,4.0,110,1,27.721114,85.361241
Boudha Elite Coffee,4.6,7,2,27.721514,85.362114
Ramhiti Garden Sip,4.2,14,2,27.726241,85.365114
Nimto Restaurant & Lounge,4.2,650,2,27.717514,85.344514
Chiyawala Chabahil,4.4,480,2,27.716841,85.345214
Aone Cafe Chabahil,4.0,320,2,27.718114,85.343842
The Burger House and Melung Thakali Chabahil,4.1,890,2,27.718541,85.345514
The Biryani House Cafe & Restro (Siphal),4.3,210,2,27.715514,85.341842
Annyeong Chicken (Saraswotinagar),4.5,185,2,27.721241,85.346542
Maya Restro & Cafe (Chuchchepati),4.2,145,2,27.719841,85.348214
Rameshwaram Sweets & Snacks Chabahil,4.1,520,2,27.717214,85.344114
Himalayan Beans Java (Kapan/Chabahil),4.4,92,2,27.724514,85.347842
KFC Chabahil (Boudha Road),3.9,1200,3,27.717914,85.345914
Guam Guam Momo & Fast Food,4.2,68,1,27.716514,85.342814
Raap Sekuwa - Ratopool/Chabahil,4.3,310,2,27.713514,85.340514
Chitwan ko Karma Taas & Nepali Bhancha,4.0,145,2,27.718814,85.346214
Commons' Bistro Chabahil,4.4,56,2,27.716241,85.344842
Bowl Up Chabahil,4.1,34,2,27.717114,85.345114
New Everest Mo:Mo Center (Branch),4.5,880,1,27.717841,85.343542
Bajrayogini Fast Food,3.8,42,1,27.718214,85.344241
S.M.L Laphing & Kima Noodles,4.6,112,1,27.719114,85.346841
Pipal Boat Khaja Ghar,3.7,24,1,27.716514,85.343114
Taja Bakery & Coffee Shop,4.2,19,2,27.717541,85.345842
Moomin Cafe Chabahil,4.3,31,2,27.716814,85.344414
Gaule Restaurant Pvt Ltd,4.1,215,2,27.715842,85.341514
Crunchy Restro & Cafe (Chuchchepati),4.4,74,2,27.720114,85.348514
Royal Taj Bakery,4.0,52,2,27.717942,85.345241
Baddas Momo Chabahil,4.2,45,1,27.718414,85.344841
Relief Restro and Cafe (Chill Bro),4.5,38,2,27.715114,85.342142
Mustang May Review Thakali,4.3,124,2,27.717542,85.344914
Darshan Halesi Fast Food,3.9,65,1,27.718114,85.344114
Aacharya Fast Food,4.0,28,1,27.716142,85.343242
Hotel Tara Suites Cafe,4.2,45,3,27.715541,85.345114
Burger House and Crunchy Fried Chicken Chabahil,4.1,820,2,27.718541,85.345514
Chule Nimto Cafe & Thakali Kitchen,4.3,156,2,27.716914,85.344814
Gaule Restaurant pvt.ltd,4.1,215,2,27.715842,85.341514
The Biryani House & Sekuwa Cave,4.2,185,2,27.715514,85.341842
Slice of Pizza Chabahil,4.0,92,2,27.717414,85.345214
Chef Kitchen Burger House (KL Tower),4.3,310,2,27.718114,85.345842
Everest Fast Food Cafe,3.9,45,1,27.717841,85.343542
Moomin Cafe,4.3,31,2,27.716814,85.344414
G.P.S Chiya Sangam,4.4,28,1,27.717114,85.345514
Raap Sekuwa - Ratopool,4.3,310,2,27.713514,85.340514
S.M.L Laphing And Kima Noodles Center,4.6,112,1,27.719114,85.346841
Darshan Halesi Fast Food and Khaja Ghar,3.9,65,1,27.718114,85.344114
Aone Cafe Chabahil,4.0,320,2,27.718114,85.343842
Maya Restro & Cafe Chuchchepati,4.2,145,2,27.719841,85.348214
Himalayan Beans Java (Kapan Road),4.4,92,2,27.724514,85.347842
KFC Kathmandu Food Cafe (Chabahil),3.8,110,2,27.717914,85.345914
Guam Guam Momo & Fast Food,4.2,68,1,27.716514,85.342814
Bajrayogini Fast Food,3.8,42,1,27.718214,85.344241
Commons' Bistro - Fast food Restaurant,4.4,56,2,27.716241,85.344842
Bowl Up Chabahil,4.1,34,2,27.717114,85.345114
Taja Bakery & Coffee Shop,4.2,19,2,27.717541,85.345842
Mustang May Review Thakali,4.3,124,2,27.717542,85.344914
Aacharya Fast Food,4.0,28,1,27.716142,85.343242
Relief Restro and Cafe (Chill Bro),4.5,38,2,27.715114,85.342142
Royal Taj Bakery Chabahil,4.0,52,2,27.717942,85.345241
Rameshwaram Sweets & Snacks,4.1,520,2,27.717214,85.344114
Ramailo Gaunle Restaurant,4.0,85,2,27.715842,85.341514
Crunchy Restro & Cafe,4.4,74,2,27.720114,85.348514
High Road Cafe Chabahil,4.1,22,2,27.718814,85.346514
Taste Um Cafe,4.0,14,2,27.717414,85.344814
Village IN Cafe,4.2,11,2,27.717214,85.345414
Irani Chiya Chabahil,4.5,45,1,27.717614,85.345114
Satkar Cafe & Bar,3.9,32,2,27.716514,85.344214
360 Bakery Cafe,4.1,28,2,27.717914,85.345814
Cubic Cafe,4.2,15,2,27.718114,85.344514
Krishnarpan (Dwarika's Hotel),4.8,1240,4,27.710514,85.342142
Toran Restaurant (Dwarika's),4.6,850,4,27.710414,85.342242
Mako's Japanese Restaurant,4.7,320,4,27.710614,85.342042
Kailasa Food & Sweets,4.1,450,2,27.712114,85.346214
Resunga Tandoori & Guest House,4.4,115,2,27.713541,85.348542
Marwadi Bhojnalaya Gaushala,4.6,310,1,27.711841,85.345842
SkyDeck Restaurant (Crystal Pashupati),4.4,215,3,27.712841,85.347514
Anmol Sweets Gaushala,4.3,340,2,27.711541,85.345114
Vedic Food & Lunch Box,4.7,42,2,27.711514,85.344842
MTR Kathmandu (Vegetarian),4.2,65,2,27.710114,85.342814
Siddhartha Foodland (Battisputali),4.1,2100,3,27.708814,85.340214
Keshari Sweets & Chaat,4.4,195,1,27.711841,85.345514
Hotel Toran Cafe,4.1,56,2,27.713241,85.346842
New Sagarmatha Thakali,4.2,120,2,27.711914,85.344514
Pashupati Vision Hotel & Restro,3.9,110,2,27.712142,85.346514
Airport View Cafe,3.8,42,2,27.711514,85.349142
Maya Chowk Restaurant Gaushala,4.0,24,2,27.711814,85.345242
Alpine Foodland & Restaurant,4.1,88,2,27.709114,85.341142
Labbaik Restaurant & Cafe,4.2,45,2,27.709514,85.342514
Delicious Fusion Food & Restro,4.3,31,2,27.709241,85.341842
Koyla Tandoori Restaurant,4.1,52,2,27.708942,85.340841
Purbeli Sekuwa Corner,4.4,68,2,27.708541,85.339842
Imperial Restaurant Battisputali,4.0,15,2,27.709841,85.341542
Royal Rays Restaurant,4.1,22,2,27.709414,85.341214
Classic Restaurant & Bar,3.9,19,2,27.708114,85.340514
Hungry Eye Cafe & Restaurant,3.8,42,1,27.711214,85.345814
Pashupati Khaja Ghar,4.2,28,1,27.710842,85.346142
Bankali Khaja Ghar,4.1,18,1,27.709541,85.347214
Shree Pashupatinath Bhojnalaya,4.3,55,1,27.711214,85.346242
Halesi Fast Food Gaushala,4.0,34,1,27.712541,85.345514
Sitala Fast Food,3.9,22,1,27.714214,85.347842
Gauri Shankar Restro,4.0,85,2,27.712542,85.345214
FuZone Tandoori Cafe,4.1,24,2,27.709114,85.340241
Tha Chhen Restaurant,4.5,12,3,27.708414,85.341114
Coriander Restaurant,4.2,33,2,27.708841,85.342114
The Grill Nation Battisputali,4.3,47,3,27.709214,85.341814
OEC Cafe and Restaurant,4.1,14,2,27.709514,85.342814
Bottles Restaurant Gaushala,3.9,27,2,27.711414,85.346114
Wills Cafe & Restaurant,4.2,19,2,27.709114,85.340814
Matka Lassi Gaushala Chowk,4.5,180,1,27.712114,85.345514
The Dwarika's Hotel (Battisputali/Ward 9 edge),4.8,3200,4,27.7105,85.3421
La Palpasa Coffee Sinamangal,4.7,420,2,27.6985,85.3482
Hotel Indreni Himalaya Restaurant,4.2,950,3,27.7012,85.3465
Meridian Suite Hotel Rooftop,4.3,310,3,27.6991,85.3495
Sinamangal Burger House & Crunchy Fried Chicken,4.1,520,2,27.6975,85.3478
B.F.C. Burger Sinamangal,4.0,215,2,27.6981,85.3472
Labbaik Restaurant & Cafe (Sinamangal),4.2,85,2,27.6998,85.3461
Delicious Fusion Food & Restaurant,4.3,55,2,27.7015,85.3458
The Grill Nation Sinamangal,4.4,110,2,27.6988,85.3485
Wills Cafe & Restaurant,4.2,34,2,27.7001,85.3468
OEC Cafe and Restaurant,4.1,28,2,27.6995,85.3475
Airport Restaurant and Bhanchhaghar,3.8,150,2,27.6965,85.3512
Purbeli Lafa Mo:Mo Center,4.5,92,1,27.6978,85.3488
East Point Sekuwa Corner,4.3,65,2,27.6984,85.3492
79 by AG (Cafe & Lounge),4.4,42,2,27.7025,85.3451
Sushi Time (Old Baneshwor/Ward 9 edge),4.5,185,2,27.7018,85.3442
Cosy Cafe Sinamangal,4.2,19,2,27.6982,85.3475
Corner Cafe Tilganga,4.1,24,2,27.7055,85.3488
Khasi ko Fokso and Stick House,4.4,130,1,27.6972,85.3471
360 Bakery Cafe Sinamangal,4.1,31,2,27.6985,85.3479
Siddhartha Foodland (Old Baneshwor),4.1,2200,3,27.7012,85.3438
Hotel Pashupati Darshan Cafe,3.9,45,2,27.7061,85.3475
Havana Coffee Sinamangal,4.0,52,2,27.6988,85.3481
Ganh Hao 2 Restaurant,4.3,55,3,27.7021,85.3458
Rodstarz Fast Food,4.1,18,2,27.6975,85.3474
Banana Leaf Restaurant,4.2,32,2,27.7011,85.3465
Jet Lounge and Restaurant,4.3,14,3,27.6981,85.3501
Purbali Vakka House Sinamangal,4.6,88,1,27.6979,85.3476
Derbys - Restaurant and Sports Bar,4.4,45,3,27.6985,85.3488
Yuseong Kitchen (Korean),4.5,22,2,27.7018,85.3462
Hotel Indreni Himalaya Restaurant,4.2,950,3,27.701241,85.346514
La Palpasa Coffee Sinamangal,4.7,420,2,27.698514,85.348214
Meridian Suite Rooftop Restaurant,4.3,310,3,27.699142,85.349514
Sinamangal Burger House & Crunchy Fried Chicken,4.1,520,2,27.697514,85.347814
Pewa Laphing and Keema Noodles,4.5,130,1,27.697241,85.347142
79 by AG (Cafe & Lounge),4.4,42,2,27.702514,85.345114
Yuseong Kitchen (Korean Sinamangal),4.5,22,2,27.701841,85.346214
Purbali Vakka House Sinamangal,4.6,88,1,27.697942,85.347614
Gantabya Restaurant & Bar,4.2,55,2,27.698214,85.348214
Royal Kitchen Restaurant & Bar,4.1,64,2,27.698541,85.348542
Bageshwori Fastfood & Mo:Mo Center,4.3,48,1,27.701241,85.345842
New Resunga Khaja Ghar,4.0,32,1,27.703114,85.346814
Riddhi Sekuwa Corner,4.4,75,2,27.699214,85.347914
Famous Laphing House Sinamangal,4.5,110,1,27.697841,85.347514
Daily Fresh Restaurant and Cafe,4.1,28,2,27.698142,85.348114
Eat 'n' Sip Sinamangal,4.2,15,2,27.698414,85.347242
Bollywood Biryani & Restaurant,4.0,65,2,27.699541,85.348814
Matka Sekuwa Family Restaurant,4.3,42,2,27.700514,85.348114
Corner Cafe Tilganga,4.1,24,2,27.705541,85.348814
Jet Lounge and Restaurant,4.3,14,3,27.698114,85.350114
Gaushala Coffee and Bubble Tea House,4.4,12,2,27.711814,85.345514
Lod Cafe & Thakali Kitchen,4.2,85,2,27.709841,85.344814
Cafe de Club (Battisputali Road),4.1,34,2,27.709241,85.342114
Canova Cafe Sinamangal,4.0,52,2,27.698841,85.348114
7C Cafe & Restro,4.2,19,2,27.700142,85.346514
Clcs Restro and Fast Food,3.9,27,1,27.699514,85.347114
Rk Caffe Battisputali,4.1,11,2,27.708541,85.341214
Zam Zam Dum Biryani (Gaushala Branch),4.3,145,2,27.711514,85.345842
Khushi Coffee House,4.4,8,2,27.701214,85.345114
Temple Cafe Tilganga,4.1,22,2,27.706514,85.347814
NFC (Nepal Food Cafe) Battisputali,4.2,56,2,27.709514,85.343514
Samjhana Hotel & Thakali Kitchen,4.0,42,2,27.710841,85.345214
Pranc's Cafe Sinamangal,4.3,16,2,27.698941,85.347814
Shuva Yatra Hotel and Lodge Restro,3.8,12,2,27.711241,85.345114
Purbeli Lafa Mo:Mo Center,4.5,92,1,27.697814,85.348814
East Point Sekuwa Corner,4.3,65,2,27.698414,85.349214
Khasi ko Fokso and Stick House,4.4,130,1,27.697214,85.347114
360 Bakery Cafe Sinamangal,4.1,31,2,27.698541,85.347914
Hotel Pashupati Darshan Cafe,3.9,45,2,27.706141,85.347514
Havana Coffee Sinamangal,4.0,52,2,27.698814,85.348114
Ganh Hao 2 Restaurant (Chinese),4.3,55,3,27.702141,85.345814
Rodstarz Fast Food,4.1,18,2,27.697514,85.347414
Banana Leaf Restaurant,4.2,32,2,27.701141,85.346514
Lumbini Coffee Shop Sinamangal,4.1,14,2,27.698241,85.347214
Masala Darbar Family & Restaurant,4.0,22,2,27.711541,85.344814
Rohit Cafe & Restaurant,3.9,9,2,27.709814,85.342514
D&D Cafe Battisputali,4.1,13,2,27.708814,85.341514
Car O Bar Restro,4.2,18,3,27.710114,85.343214
Pranisha Inn Restaurant,4.0,54,2,27.699214,85.348814
Hema Hotel & Indian Dining,3.8,24,2,27.705214,85.349114
Siddhartha Bhojanalaya & Fastfood,4.1,85,2,27.7018,85.3465
New City Foodland & Sekuwa,4.2,64,2,27.6988,85.3479
Sindhu Bhanchha Ghar & Lodge,3.8,42,1,27.7005,85.3461
Nagarjun Tandoori Bhojanalaya,4.0,55,1,27.6991,85.3482
Milijuli Khaja Ghar,4.3,18,1,27.6975,85.3475
Chiya Ghar (Sinamangal Branch),4.5,310,1,27.6982,85.3488
Kanchi Didi ko Khaja Ghar,4.4,92,1,27.7011,85.3455
Basna Cafe & Restro,4.2,28,2,27.7025,85.3452
Pathway The Cafe,4.3,34,2,27.6989,85.3474
Town Top Lama Sekuwa Corner,4.1,120,2,27.6985,85.3492
KMC Coffee Shop (Hospital Area),4.0,45,2,27.7015,85.3468
A.F.C Cafe Taas & Tandoori,4.1,52,2,27.6995,85.3478
Lumbini Tandoori Bhojanalaya,3.9,27,1,27.6972,85.3481
Shrestha Khaja Ghar,4.2,15,1,27.7032,85.3462
Sakela Khaja Ghar,4.3,22,1,27.7041,85.3475
B.B. Fast Food Sinamangal,4.0,19,1,27.6978,85.3484
Hongkong Nepal Fast Food,4.1,31,2,27.6984,85.3472
Nilima Khaja Ghar,4.2,14,1,27.7008,85.3469
Kantipur Fast Food Sinamangal,3.9,56,1,27.6985,85.3475
The Unforgeable Fast Food,4.4,8,2,27.6992,85.3481
B2 Frozen MoMo (Sinamangal),4.6,45,1,27.6975,85.3479
Yopo Sekuwa Center,4.2,33,2,27.6981,85.3495
Staff Bhojanalaya (KMC area),4.1,24,1,27.7018,85.3462
Bhadra Kali Fast Food Center,4.0,12,1,27.7021,85.3458
Makai Station (Roasted Corn),4.5,185,1,27.6988,85.3475
Little Kathmandu Stick Food,4.4,210,1,27.6972,85.3472
Trishna Tandoori Food Cafe,4.1,28,2,27.7005,85.3485
Rustic Kebab Roll Sinamangal,4.3,32,2,27.6985,85.3482
Taplejung Khaja Ghar,4.2,15,1,27.6998,85.3465
Hotel Subha Laxmi Restaurant,3.7,22,2,27.7011,85.3458
The Noodles Bar Sinamangal,4.2,19,2,27.6979,85.3476
Lumbini Coffee Shop,4.1,14,2,27.6982,85.3472
Baskin Robbins Sinamangal,4.4,320,2,27.6988,85.3485
Everest Holiday Inn Restro,3.8,65,2,27.6968,85.3515
Dairy Coseli Cafe,4.2,42,1,27.6992,85.3475
A K Traders Coffee Corner,4.0,11,2,27.7022,85.3455
Siddhartha Bhojanalaya,4.1,88,2,27.7018,85.3465
G sekuwa (Battisputali Road),4.3,55,2,27.7092,85.3421
Namaste Galkot Lodge & Tandoori,3.9,34,2,27.7065,85.3478
Horizon Lounge (by Soaltee TIA),4.5,120,4,27.6965,85.3522
Bishranti Restaurant,4.0,15,2,27.6985,85.3485
Biko Thakali Sinamangal,4.2,45,2,27.6982,85.3479
Blueberry Restaurant & Bar,3.9,31,2,27.6991,85.3488
Shree Panchkumari Cafe,4.1,24,2,27.7005,85.3468
Zaika Restaurant & Cafe,4.0,12,2,27.7015,85.3462
Swastik Momo and Kitchen,4.3,65,1,27.6975,85.3482
Town Top Lama Sekuwa,4.1,110,2,27.6985,85.3492
Pathway The Cafe Sinamangal,4.2,27,2,27.6989,85.3474
Presca's Cafe,4.4,18,2,27.7025,85.3452
Udaypur Khaja Ghar,4.1,12,1,27.6995,85.3468
Aama's Kitchen,4.3,210,2,27.6952,85.3535
Veg Cafe (Tilganga),5.0,15,1,27.7018,85.3492
Eleven Restro & Sekuwa Palace,4.3,85,2,27.6966,85.3550
Yatra Lounge & Restro (TIA),4.9,420,3,27.6992,85.3561
T3 Thakali Bhanchha Ghar,4.2,310,2,27.7011,85.3529
Saino Tandoori & Sekuwa,4.6,95,2,27.6999,85.3547
Purbeli Multi Cuisine (TIA),3.9,45,2,27.7001,85.3546
Ankur Family Restaurant,5.0,12,2,27.6991,85.3510
Organic Chulo Garden,3.9,74,2,27.6980,85.3491
Chiya Bagaan Sinamangal,4.1,56,1,27.6948,85.3513
KMC Canteen & Coffee Shop,4.0,120,1,27.6985,85.3478
Airport Gate Burger House,3.4,85,2,27.7009,85.3542
Tilganga Guest House & Restro,4.1,34,2,27.7052,85.3485
Sinamangal Coffee Hub,4.3,21,2,27.6981,85.3479
New Highland Sekuwa,4.2,42,2,27.6988,85.3495
Healthy Bites (Near Hospital),4.4,18,2,27.7015,85.3465
Airport Arrival Tea Point,4.0,110,1,27.6995,85.3555
Pashupati View Point Cafe,3.9,28,2,27.7065,85.3472
Sinamangal Junction Fast Food,4.1,52,1,27.6975,85.3481
A-One Bakery Sinamangal,4.2,65,2,27.6985,85.3488
Fresh Juice & Fruit Center (KMC),4.5,92,1,27.6982,85.3475
The Airport Biryani,3.8,45,2,27.6965,85.3512
Skyline Rooftop Sinamangal,4.2,19,3,27.6995,85.3498
Momo Station Sinamangal,4.4,130,1,27.6978,85.3474
Tilganga Morning Tea,4.3,15,1,27.7058,85.3481
Gateway Tandoori Hub,4.0,52,2,27.7005,85.3482
Nepal Fast Food Center,3.9,24,1,27.7012,85.3458
Sinamangal Sweets & Snacks,4.2,88,2,27.6988,85.3476
City Coffee Sinamangal,4.1,14,2,27.6982,85.3472
Airport Parking Cafe,3.6,12,2,27.6998,85.3545
Sinamangal Thakali Bhanchha,4.3,65,2,27.6985,85.3479
Tilganga Vegetarian Kitchen,4.6,22,1,27.7018,85.3492
The Coffee School Tushal,4.7,45,2,27.7203,85.3586
Daily Fresh Cafe,3.0,12,2,27.6959,85.3523
Hideaway Restaurant,4.3,110,2,27.6999,85.3438
Eleven Sekuwa Palace,4.3,85,2,27.6966,85.3550
Purbeli Vakka Point,4.6,88,1,27.6979,85.3476
Sinamangal Noodle House,4.2,33,2,27.6972,85.3471
Hospital View Cafe,4.0,15,2,27.7015,85.3468
Airport Transit Lounge,4.1,28,3,27.6992,85.3561
Sinamangal Tea Garden,4.4,42,1,27.6982,85.3488
KMC Fresh Food,4.1,14,2,27.7018,85.3462
Airport Exit Fast Food,3.8,19,1,27.6995,85.3555
Sinamangal Local Khaja,4.2,22,1,27.6978,85.3484
Tilganga Heritage Cafe,4.1,12,2,27.7052,85.3485
Sinamangal Burger Point,4.0,45,2,27.6975,85.3478
Airport View Thakali,4.1,31,2,27.7011,85.3529
Sinamangal Sekuwa Corner,4.3,55,2,27.6988,85.3495
Hospital Gate Tea Shop,4.5,65,1,27.6982,85.3475
Sinamangal Evening Hub,4.2,18,2,27.6985,85.3482
Dudh Sagar Sinamangal,4.0,210,2,27.6982,85.3475
Syanko Katti Rolls Sinamangal,4.4,480,1,27.6985,85.3482
Hot Magic Mo: Mo,4.1,120,1,27.6978,85.3479
D.D.S. Thakali Kitchen Sinamangal,4.2,85,2,27.6981,85.3474
Kantipur Tandoori Bhojan Griha & Lodge,3.8,110,1,27.6985,85.3475
Purbeli Shanti Khaja Ghar,4.1,42,1,27.6984,85.3472
Aafnai Bistro,4.3,34,2,27.6991,85.3481
Bhimeshwar Khaja Ghar,4.0,28,1,27.7011,85.3465
Momma's Kitchen Sinamangal,4.5,56,2,27.7015,85.3468
Sitan Wala (Local Sweets),4.4,115,1,27.6988,85.3481
N.P Top Momo & Chowmin Point,4.1,52,1,27.6995,85.3478
Mustang Thakali Bhancha and Cafe,4.2,140,2,27.6982,85.3479
Royal Damuna Cafe,4.1,24,2,27.7018,85.3458
Renuka Thakali Bhanchha & Sekuwa,4.0,38,2,27.7061,85.3475
Vision Food Centre,3.9,12,2,27.7052,85.3485
Lumbini Coffee Sop,4.1,22,2,27.6981,85.3479
New Burger Station Sinamangal,4.0,65,2,27.6975,85.3478
Bhimsengola Laphing Center,4.5,92,1,27.6979,85.3476
Lama Momo Fast Food,4.2,130,1,27.6972,85.3471
Sahara Fast Food Cafe,3.8,42,1,27.7005,85.3482
Mero Kishan (Healthy Bites),4.4,18,1,27.7015,85.3465
Bhadra Kali Fast Food Center,4.0,12,1,27.7021,85.3458
Twaakka Mitho Sinamangal,4.3,31,1,27.6985,85.3482
The Sisters Cafe and Fast Food,4.2,19,2,27.7001,85.3465
Bhimsen Restaurant & Khaja Ghar,4.0,45,1,27.7032,85.3462
Brother's Sandwich Sinamangal,4.1,56,2,27.6989,85.3478
Passion Cafe Tilganga,4.2,33,2,27.7055,85.3488
Airport Side Sekuwa,4.3,110,2,27.6984,85.3492
Corner Bakery & Cafe,4.1,28,2,27.7092,85.3421
Baglung Kalika Fastfood,3.9,45,1,27.7108,85.3452
M-Cafeteria KMC,4.0,120,1,27.6985,85.3478
Himcha Cafe Battisputali,4.4,22,2,27.7085,85.3412
Orchid Futsal Cafe,4.1,34,2,27.6995,85.3471
Mahalaxmi Bhojanalaya & Khana Ghar,4.3,55,1,27.7021,85.3458
Newaaz Cafe Gaushala,4.2,45,2,27.7115,85.3458
Chandra's Cafe Sinamangal,4.1,14,2,27.6982,85.3472
Airport Garden Restaurant,3.9,74,2,27.6980,85.3491
Prudential Hotel Restro,4.2,315,3,27.7005,85.3485
Airport Himalaya Boutique Restro,4.2,278,3,27.6992,85.3488
Pashupati Boutique Hotel & Spa Cafe,4.0,716,3,27.7055,85.3485
Hotel DipJyoti Restaurant,4.0,57,2,27.7061,85.3475
Apex Business Hotel Cafe,4.0,303,3,27.6991,85.3488
Hotel Nilakantha Dining,3.3,66,2,27.7065,85.3478
Amarawati Boutique Hotel Restro,4.0,155,3,27.7058,85.3481
Merapeak Medical Cafe,4.1,14,2,27.6985,85.3479
Somewhere Hotel & Restaurant,3.8,42,2,27.7011,85.3529
Golden Sky Guest House & Bhojnalaya,3.9,28,1,27.7065,85.3472
Lumbini Tandoori Sinamangal,4.0,150,2,27.6965,85.3512
Navajyoti Vision Cafe,4.2,12,1,27.7052,85.3485
Sinamangal Coffee Hub,4.3,21,2,27.6981,85.3479
The Bakery Cafe (New Baneshwor),4.1,2800,2,27.6915,85.3331
Indreni Foodland,4.2,3500,3,27.6928,85.3375
Jimbu Thakali (New Baneshwor),4.5,950,2,27.6918,85.3325
Bota Mo:Mo (New Baneshwor),4.2,1200,1,27.6912,85.3338
RedMud Coffee (New Baneshwor),4.3,650,2,27.6921,85.3342
Eyeplex Mall Food Court,4.0,1500,3,27.6910,85.3335
The Burger House & Crunchy Fried Chicken,4.1,2100,2,27.6925,85.3350
Soul Cafe (Korean Food),4.4,420,2,27.6931,85.3328
Drishya Lounge,4.5,550,3,27.6916,85.3321
Narayan Dai ko Famous Masangalli ko Mo:Mo,4.3,1800,1,27.6908,85.3355
Pepe Pizza Baneshwor,4.2,320,2,27.6919,85.3345
KFC Nepal (Eyeplex Mall),3.9,1100,3,27.6911,85.3336
Burger King (Eyeplex Mall),3.8,850,3,27.6911,85.3334
Syanko Katti Roll (New Baneshwor),4.3,580,1,27.6922,85.3340
Ageno Sekuwa & Thakali,4.4,120,2,27.6935,85.3315
Dhaulagiri Specialty Coffee (Buddhanagar),4.7,210,2,27.6885,85.3362
Sankhamul Newari Khaja Ghar,4.2,185,1,27.6852,85.3348
G Cafe (Buddhanagar),4.3,95,2,27.6891,85.3358
The School of Coffee Beans,4.5,145,2,27.6942,85.3321
Rustic Kebab Roll,4.4,310,1,27.6905,85.3339
99 Cafe and Restaurant,4.2,65,2,27.6865,85.3342
Alcove Restaurant (Sankhamul),4.4,110,3,27.6845,85.3338
Jungle Biryani (Sankhamul),4.1,245,2,27.6858,85.3345
MokChey Restaurant,4.3,56,2,27.6875,85.3352
Ikigai Caffe,4.6,78,2,27.6862,85.3340
Regale Restro & Lounge,4.2,42,3,27.6848,85.3335
Aragon Restro and Bar,4.1,88,2,27.6855,85.3341
Ritz Bistro,4.0,34,2,27.6851,85.3339
The Litre Cafe (Korean BBQ),4.4,150,3,27.6868,85.3346
Shandar Mo:Mo (Sankhamul),4.5,850,1,27.6859,85.3348
Byanjankar Newari Khaja Ghar,4.3,62,1,27.6865,85.3351
Classic Garden Restro & Bar,4.1,125,3,27.6842,85.3332
Sankhamul Newari Khaja Ghar,4.2,185,1,27.6852,85.3348
Fatima Cloud Kitchen,4.5,24,2,27.6861,85.3349
Ginza Restaurant and Bar,4.2,112,3,27.6869,85.3331
Doko Namlo Restro,4.1,38,2,27.6872,85.3338
Maharaja Restaurant & Grill,4.3,92,3,27.6865,85.3335
Red Chilly Cafe & Restaurant,4.0,55,2,27.6861,85.3342
The Crown Cafe-Restaurant,4.2,45,2,27.6858,85.3349
The Backyard Cafe,4.3,31,2,27.6855,85.3345
Dé Alley Café,4.4,19,2,27.6852,85.3342
Sangam Sophia Restaurant,4.1,14,2,27.6849,85.3339
Parva (Cafe, Restro, Bar),4.6,56,3,27.6845,85.3335
Yatra Cafe and Restaurant,4.2,28,2,27.6842,85.3332
Chiyadani Kathmandu,4.5,115,1,27.6839,85.3329
Friends Restro,4.1,24,2,27.6836,85.3326
Mughal Shahi Biryani,4.3,185,2,27.6935,85.3348
A One MoMo & Fast Food,4.0,320,1,27.6852,85.3348
Dalo Biryani,4.4,95,2,27.6868,85.3346
Cafe De Patan (Baneshwor Branch),4.2,42,2,27.6912,85.3325
Shandar Mo:Mo (Mid Baneshwor/Ward 10),4.5,1240,1,27.6965,85.3412
Ujamaa Coffee Shankhamul,4.6,310,2,27.6855,85.3341
Amigo Cafe & Lounge,4.2,420,2,27.6922,85.3355
Mughal Shahi Biryani (Baneshwor),4.3,185,2,27.6935,85.3348
Dandelion Laphing (Sankhamul),4.5,88,1,27.6859,85.3345
Chicken Station Sankhamul,4.1,320,2,27.6862,85.3338
Little Durbar Sekuwa Corner,4.3,95,2,27.6807,85.3307
Bishram Cafe (Karaoke & Chill),4.4,56,2,27.6848,85.3335
Wasabi Sushi Restaurant (Baneshwor),4.5,110,3,27.6919,85.3345
RnB Cafe (New Baneshwor),4.2,340,2,27.6925,85.3352
Aaglo Restro,4.0,42,2,27.6908,85.3339
Chi Chi Grill Sankhamul,4.3,28,3,27.6845,85.3335
Mithila Chiyalaya,4.4,120,1,27.6885,85.3362
Engineers Food Lab,4.1,65,2,27.6931,85.3328
Beijing Duck Restaurant,4.2,215,3,27.6925,85.3355
Digo Catering Service & Restro,4.0,14,2,27.6861,85.3349
P Cafe (Buddhanagar),4.2,31,2,27.6862,85.3340
Jigree Bro Cafe and Restro,4.3,55,2,27.6865,85.3342
Cafe Haven 96,4.1,22,2,27.6868,85.3346
Sweet Lips Cafe,3.9,45,2,27.6861,85.3342
Resunga Family Bhojanalaya,4.0,110,1,27.6859,85.3348
Hira Palace Restaurant,4.1,34,2,27.6845,85.3332
Almazan Kitchen,4.4,18,2,27.6842,85.3329
Chilgadi Restaurant,4.2,65,2,27.6855,85.3345
The Hunger's Point,4.0,27,2,27.6836,85.3326
6 to 9 Cafe & Restaurant,4.1,12,2,27.6832,85.3323
A-One Cafe and Banquet,4.2,185,2,27.6869,85.3331
Minus Plus Restaurant,4.0,32,2,27.6865,85.3335
Vikingz Kathmandu,4.3,110,3,27.6858,85.3349
Aaha Newa Spice,4.4,45,1,27.6852,85.3342
Dining House & Restaurant,4.1,92,2,27.6861,85.3349
Reyansh Restaura & Cafe,4.2,24,2,27.6865,85.3351
Aalu Station Cafe & Restaurant,4.5,130,1,27.6855,85.3348
Pewa Corn Dog and Bubble Tea,4.3,52,2,27.6922,85.3340
Miteri Marg Khaja Ghar,3.9,18,1,27.6888,85.3365
Caffeine and Cocktail Restro,4.2,33,3,27.6891,85.3358
Himalayan Soba Restaurant,4.5,75,2,27.6869,85.3331
Aamako Bhansa Ghar,4.4,150,1,27.6875,85.3339
Pizza Spot Sankhamul,4.0,88,2,27.6865,85.3345
Bake and Beans Kathmandu Coffee,4.3,62,2,27.6852,85.3342
Ffc - Family Food Cafe,4.1,42,1,27.6859,85.3348
Alex Toast & Taste,4.4,24,2,27.6851,85.3339
Byanjan Restaurant,4.1,56,2,27.6868,85.3346
Maak Ara Biryani,4.3,115,2,27.6861,85.3349
Hungry Bhansa,4.0,19,2,27.6858,85.3345
Vertigo BBQ Rooftop,4.5,95,3,27.6865,85.3345
Shawarma King Sankhamul,4.2,48,2,27.6852,85.3342
Krystal Food Cafe,4.1,15,2,27.6858,85.3349
Jana Ekata Khaja Ghar,4.0,11,1,27.6859,85.3348
D3 Restaurant & Lounge,4.2,85,3,27.6925,85.3355
Angan New Baneshwor (Sweets & Snacks),4.3,1850,2,27.6918,85.3341
Pink Putali Restaurant & Bar,4.2,85,3,27.6925,85.3362
Hunger Hub Restaurant and Bar,4.1,120,2,27.6931,85.3355
Mero Restaurant (Buddhanagar),4.0,45,2,27.6872,85.3365
Lost Paradise Cafe,4.4,32,2,27.6848,85.3342
Suraj Newari Khaja Ghar,4.3,68,1,27.6859,85.3351
Forever Food Sinamangal/Baneshwor Edge,4.1,24,2,27.6955,85.3385
Pasa Fast Food,4.0,110,1,27.6928,85.3352
Naanya's Kitchen,4.5,56,2,27.6915,85.3348
Lakshita Fast Food & Chiya Junction,4.2,19,1,27.6932,85.3358
Rajdhani Food Hub,4.1,88,2,27.6922,85.3340
Meta Mo:Mo and Stick Food,4.4,145,1,27.6918,85.3335
New Unique Fast Food,3.9,34,2,27.6925,85.3350
Samosa House (Baneshwor),4.5,310,1,27.6919,85.3332
Ajima Newa Kitchen,4.3,92,2,27.6938,85.3325
Sudurpaschim Fast Food,4.1,55,1,27.6912,85.3338
Jaffna Sri Lanka Street Food,4.4,78,2,27.6910,85.3331
Kalinchowk Khaja Ghar,4.0,42,1,27.6908,85.3355
Wonderland Restaurant,4.2,110,3,27.6965,85.3412
Biryani Adda (Mid Baneshwor),4.3,215,2,27.6962,85.3408
The Thakali Food Cafe,4.2,185,2,27.6925,85.3355
Punchet's Kitchen and Cafe,4.4,28,2,27.6931,85.3328
Hot Live Bakery (New Baneshwor),4.3,95,2,27.6918,85.3345
Lama Momo Fast Food,4.5,320,1,27.6915,85.3342
Dil Mo:Mo and Khaja Ghar,4.1,52,1,27.6912,85.3339
Yopo Sekuwa (Ward 10),4.2,120,2,27.6968,85.3415
Catmandu Foodland Restaurant,4.1,650,3,27.6928,85.3375
Crossway Restaurant (Mid Baneshwor),4.0,145,3,27.6965,85.3412
The Gaga Restaurant,4.2,56,3,27.6915,85.3348
Tha Chhen Restaurant (Baneshwor),4.5,88,3,27.6918,85.3321
Dalo Restaurant,4.1,42,2,27.6868,85.3346
Sisha Cafe with Fast Food,3.9,210,2,27.6915,85.3335
Bajeko Chiya Ghar and Bakery,4.3,185,1,27.6885,85.3362
C Cube Cafe,4.1,24,2,27.6865,85.3342
QFC Quickie Food Court,4.2,310,2,27.6852,85.3342
Aarambha Restaurant and Bar,4.0,55,3,27.6848,85.3335
The Feast Restro and Lounge,4.2,45,3,27.6842,85.3332
Bhattarai Veg Mo:Mo & Parautha Ghar,4.6,92,1,27.6861,85.3349
Sabina Cafe Buddhanagar,4.1,14,2,27.6865,85.3351
Smart Panipuri and Chiya Adda,4.5,115,1,27.6855,85.3348
Your Dietitian Kathmandu (Health Cafe),4.8,24,2,27.6861,85.3349
Nirmala Restaurant,3.9,12,2,27.6858,85.3345
Moonlit Morning Cafe,4.4,18,2,27.6865,85.3345
IT Tea / Bit Tea,4.3,55,1,27.6918,85.3341
Gazzab ko Panipuri,4.6,85,1,27.6912,85.3338
Parpala Bistro & Cafe,4.4,42,2,27.6925,85.3355
Green Cafe New Baneshwor,4.1,28,2,27.6931,85.3355
Bhetghat Restaurant,4.0,110,2,27.6869,85.3331
Kanchhi Didi ko Chiya Pasal,4.7,150,1,27.6859,85.3351
The Warehouse,4.2,215,3,27.6915,85.3335
Himalayan Java Coffee (Baber Mahal Revisited),4.5,850,3,27.6905,85.3285
The Entrance Cafe (Baber Mahal),4.4,1200,3,27.6912,85.3292
Coffee Station (Thapathali),4.3,210,2,27.6935,85.3215
Himalayan Java Bluebird (Thapathali),4.2,450,3,27.6938,85.3225
RedMud Coffee (Thapathali),4.3,320,2,27.6942,85.3218
Bodhi Books and Bakes (Tangal/Ward 11 Edge),4.6,580,2,27.7125,85.3312
Palpasa Cafe (Thapathali),4.1,145,2,27.6948,85.3221
Goethe-Zentrum Cafe (Thapathali),4.4,85,2,27.6931,85.3228
Rishi Bakery and Coffee Shop,4.0,52,2,27.6955,85.3212
The British Cafe (Thapathali),4.2,65,2,27.6935,85.3225
Bold Brew Coffee (Baber Mahal),4.5,28,2,27.6908,85.3282
Coffee Saalaa (Baber Mahal),4.3,110,2,27.6915,85.3288
Rock Beans Coffee (Thapathali),4.1,95,2,27.6942,85.3220
Latte ma Coffee (Tripureshwor),4.2,34,2,27.6925,85.3155
Sky Durbar Cafe (Tripureshwor),4.0,120,2,27.6918,85.3162
Happy Roots - Your Local Cafe,4.3,56,2,27.6945,85.3225
Chamomile Cafe (Tripureshwor),4.2,19,2,27.6912,85.3158
Black Eyes Cafe (Thapathali),4.1,24,2,27.6938,85.3218
Best Brew (Baber Mahal),4.4,15,2,27.6910,85.3290
Himalayan Coffee Beans (Tripureshwor),4.2,88,2,27.6922,85.3165
Cafe Corridor (Baber Mahal),4.1,32,2,27.6905,85.3281
PBS Cafe (Tripureshwor),4.0,45,2,27.6915,85.3152
Orange Cafe (Thapathali),3.9,27,2,27.6935,85.3222
Jalpa Coffee Club (Thapathali),4.5,130,2,27.6941,85.3215
Creative Cafe (Tripureshwor),4.2,18,2,27.6918,85.3168
The Mellow Mug (Thapathali),4.4,33,2,27.6939,85.3219
Recipe Cafe (Tripureshwor),4.1,52,2,27.6925,85.3158
United Coffee Club (Baber Mahal),4.0,22,2,27.6912,85.3285
Aroma Coffee & Bakery (Thapathali),4.2,64,2,27.6935,85.3225
D3 Coffee Bar (Thapathali),4.1,110,2,27.6942,85.3215
Beans and Beyond (Tripureshwor),4.3,42,2,27.6928,85.3165
Indreni Coffee Shop (Baber Mahal),4.0,150,2,27.6915,85.3288
Bold Brew Babar Mahal,4.5,31,2,27.6908,85.3282
Fulbari Coffee Shop (Thapathali),4.1,55,2,27.6935,85.3218
MountainMug Coffee (Tripureshwor),4.2,28,2,27.6922,85.3155
Lavazza Coffee Shop (Bluebird),4.4,215,3,27.6938,85.3225
Moktan Coffee Shop (Thapathali),3.9,14,2,27.6932,85.3220
Resunga Coffee Shop (Tripureshwor),4.0,38,1,27.6915,85.3162
Shrijal Coffee & Bakery,4.2,24,2,27.6935,85.3218
Cafe Pluto (Thapathali),4.1,52,2,27.6942,85.3225
A.B.C Cafe (Tripureshwor),4.0,15,2,27.6918,85.3158
Sister's Cafe (Thapathali),4.2,31,2,27.6938,85.3221
Bliss Cafe (Baber Mahal),4.3,19,2,27.6915,85.3285
Starlight Cafe (Thapathali),4.1,12,2,27.6935,85.3218
Madan Cafe (Tripureshwor),4.0,22,1,27.6912,85.3155
17 Beans Cafe (Thapathali),4.4,45,2,27.6939,85.3219
Coffee Tea & Me (Tripureshwor),4.2,28,2,27.6925,85.3152
Muds Cafe (Thapathali),4.1,14,2,27.6935,85.3225
Chiyawala (Tripureshwor Branch),4.5,310,1,27.6918,85.3165
Sathi Ko Cafe (Thapathali),4.2,55,2,27.6932,85.3221
Happy Tummy Cafe (Tripureshwor),4.1,34,2,27.6922,85.3158
Tea N Tea (Baber Mahal),4.3,65,2,27.6910,85.3285
The Brew Room (Thapathali),4.4,18,2,27.6941,85.3218
Morning Dew Cafe (Tripureshwor),4.2,27,2,27.6915,85.3162
Elite Coffee Hub (Thapathali),4.1,12,2,27.6938,85.3225
Bluebird Cafe & Patisserie,4.3,185,2,27.6938,85.3225
The Daily Grind (Thapathali),4.2,56,2,27.6935,85.3218
Baber Mahal Coffee House,4.4,88,3,27.6908,85.3282
Thapathali Baker's Cafe,4.1,42,2,27.6932,85.3220
Station 11 Coffee,4.3,31,2,27.6945,85.3215
A-Cafe Teku,4.2,285,2,27.6935,85.3055
Coffee Station (Teku Branch),4.3,92,2,27.6941,85.3048
Himalayan Java Coffee (Teku),4.4,150,3,27.6938,85.3032
Rishi Bakery & Coffee Shop,4.1,56,2,27.6925,85.3042
The Kwality Fast Food Cafe,4.0,38,2,27.6918,85.3025
Tejaswi Cafe,4.3,12,2,27.6932,85.3038
Hamro Cafe (Teku),4.1,24,2,27.6928,85.3045
Orange Bakery Cafe,4.0,19,2,27.6945,85.3052
Frens Cafe,4.2,31,2,27.6939,85.3041
Adhiran Cafe,4.1,14,2,27.6935,85.3035
Western Chiya Pasal,4.5,88,1,27.6922,85.3021
Pachali Coffee Hub,4.2,22,2,27.6895,85.3015
Bhotebahal Tea Center,4.4,45,1,27.6985,85.3088
Lekhnath Coffee Corner,3.9,12,2,27.6938,85.3042
Caffeine Adda Teku,4.3,28,2,27.6932,85.3035
Newa Coffee House (Hyumat),4.2,33,1,27.7012,85.3022
Smart Food & Snacks Cafe,4.0,15,2,27.6925,85.3048
Teku Business Park Cafe,4.1,42,2,27.6948,85.3065
Bakes and Beans Teku,4.3,21,2,27.6939,85.3045
Chiya Sathi (Teku),4.6,52,1,27.6935,85.3058
Morning Bell Cafe,4.1,18,2,27.6928,85.3032
Daily Grind Teku,4.2,27,2,27.6938,85.3041
Pachali Bhairav Tea Stall,4.7,110,1,27.6888,85.3012
City Coffee & Bakery,4.0,31,2,27.6942,85.3055
Hyumat Galli Chiya Pasal,4.4,24,1,27.7015,85.3025
The Bean Counter Teku,4.3,19,2,27.6931,85.3039
Shree Coffee Hub,4.1,12,2,27.6935,85.3048
Niva Bakery & Cafe,4.2,55,2,27.6982,85.3082
Bhotebahal Corner Coffee,4.0,22,2,27.6988,85.3091
Brew Master Teku,4.3,14,2,27.6941,85.3052
Guna Kamdev Marg Tea Point,4.2,31,1,27.6932,85.3035
Alpine Coffee & Bakery,4.1,28,2,27.6938,85.3045
Teku Chowk Chiya Junction,4.5,120,1,27.6945,85.3055
Everest Bakery Teku,4.0,42,2,27.6928,85.3041
Hyumat Riverside Cafe,3.8,15,2,27.7022,85.3015
The Coffee Break Bhotebahal,4.2,18,2,27.6985,85.3085
Milan Marg Coffee Shop,4.1,12,2,27.6948,85.3061
Pachali Ghat Tea Shop,4.6,65,1,27.6892,85.3018
Aroma Tea & Coffee Teku,4.3,24,2,27.6935,85.3052
Creative Coffee House,4.0,11,2,27.6932,85.3045
Fresh Bake & Cafe Teku,4.2,33,2,27.6925,85.3038
Mero Cafe (Teku),4.1,19,2,27.6938,85.3042
Bhotebahal Morning Tea,4.4,27,1,27.6982,85.3088
Sunrise Coffee Teku,4.0,14,2,27.6941,85.3055
Chiya Pasal (Near Nepal Oil Corp),4.5,88,1,27.6935,85.3048
Teku Hospital Cafe,3.7,56,1,27.6922,85.3045
The Bakery Shop Bhotebahal,4.1,22,2,27.6985,85.3082
Galli Coffee Teku,4.2,15,2,27.6932,85.3039
Heritage Tea House Hyumat,4.3,31,2,27.7018,85.3028
Coffee Time Pachali,4.1,18,2,27.6895,85.3012
Bhotebahal Junction Bakery,4.0,24,2,27.6988,85.3095
Tea Break Teku,4.3,12,1,27.6942,85.3052
Local Chiya Adda Hyumat,4.6,45,1,27.7012,85.3022
B.B. Coffee & Snacks,4.1,19,2,27.6938,85.3045
Teku Tara Cafe,4.2,22,2,27.6935,85.3041
Pachali Morning Coffee,4.4,14,2,27.6898,85.3015
Bhotebahal Street Cafe,3.9,28,1,27.6985,85.3081
Teku Bridge Tea Stall,4.5,65,1,27.6945,85.3062
Nature's Coffee Teku,4.1,15,2,27.6932,85.3048
Hyumat Square Tea Point,4.3,18,1,27.7015,85.3025
The Grind Bhotebahal,4.0,11,2,27.6982,85.3085
Teku South Cafe,4.2,14,2,27.6928,85.3035
Bhotebahal Old Tea House,4.7,52,1,27.6988,85.3092
Pachali Park Cafe,4.1,27,2,27.6895,85.3018
Teku Central Coffee,4.3,19,2,27.6938,85.3042
Bhotebahal Gate Bakery,4.2,12,2,27.6985,85.3088
Riverside Tea Point Teku,4.4,33,1,27.6941,85.3055
Teku Gate Coffee Shop,4.1,15,2,27.6935,85.3045
Mero Chiya Pasal Teku,4.5,24,1,27.6932,85.3038
Hyumat Heritage Tea,4.3,18,1,27.7018,85.3022
Café Rupa (Kalimati Trade Centre),4.5,215,2,27.6977,85.2966
Cake Shop Traditional Taj Bakery,4.9,85,2,27.6913,85.2985
Traditional Bakery Jesan's Cake Shop,4.9,42,2,27.6870,85.2979
Juju Chiya (Kalimati),4.7,110,1,27.6985,85.2977
Souvenir's Gallery Cafe,4.2,65,2,27.6969,85.2910
Taste N Tune Cafe,4.4,34,2,27.6977,85.2991
Kuleshwor Coffee Hub,4.1,28,2,27.6925,85.2982
Balkhu Junction Cafe,4.0,52,2,27.6845,85.2915
Baker's Den (Kalimati),4.3,120,2,27.6982,85.2972
Coffee Time Kuleshwor,4.2,19,2,27.6915,85.2988
Newa Coffee House (Balkhu Edge),4.1,24,2,27.6835,85.2905
Mero Chiya Adda (Kalimati),4.5,88,1,27.6975,85.2965
Kuleshwor Heights Cafe,4.0,15,2,27.6932,85.2995
Sweet & Salt Bakery Balkhu,4.2,33,2,27.6841,85.2912
Kalimati Morning Tea Stall,4.6,45,1,27.6988,85.2975
The Bean Bag Cafe,4.3,21,2,27.6918,85.2979
Kuleshwor Bakery Plaza,4.1,56,2,27.6922,85.2985
Balkhu Garden Cafe,3.9,27,2,27.6838,85.2918
Kalimati Chowk Chiya Point,4.4,115,1,27.6981,85.2970
Kuleshwor Coffee Lounge,4.2,12,2,27.6928,85.2991
Balkhu Tea Corner,4.3,18,1,27.6845,85.2915
Fresh Bake Kuleshwor,4.1,31,2,27.6912,85.2982
Daily Grind Kalimati,4.2,22,2,27.6979,85.2968
Kuleshwor Sathi Cafe,4.3,14,2,27.6925,85.2988
Balkhu Bridge Tea House,4.5,52,1,27.6832,85.2908
Mero Bakery (Kalimati),4.0,24,2,27.6985,85.2975
Kuleshwor Metro Cafe,4.1,19,2,27.6935,85.2998
Balkhu Riverside Tea,4.2,15,1,27.6835,85.2912
Chiya Sathi (Kuleshwor),4.6,38,1,27.6918,85.2975
Kalimati Central Coffee,4.3,28,2,27.6982,85.2972
Kuleshwor Corner Bakery,4.1,12,2,27.6922,85.2981
Balkhu Junction Coffee,4.0,11,2,27.6842,85.2915
Smart Food & Cafe (Kalimati),4.2,33,2,27.6975,85.2968
Kuleshwor View Cafe,4.1,18,2,27.6938,85.3001
Balkhu Local Tea Point,4.4,27,1,27.6839,85.2911
Alpine Coffee & Bakery (Kuleshwor),4.1,14,2,27.6925,85.2985
Kalimati Trade Cafe,4.2,55,2,27.6977,85.2966
Kuleshwor Morning Coffee,4.3,12,2,27.6915,85.2988
Balkhu Crossing Tea Stall,4.5,65,1,27.6845,85.2918
Tea & Snacks Hub (Kalimati),4.0,22,2,27.6985,85.2971
Kuleshwor Junction Cafe,4.2,15,2,27.6928,85.2982
Balkhu Old Tea House,4.7,31,1,27.6832,85.2905
Caffeine Adda (Kuleshwor),4.3,19,2,27.6932,85.2995
Kalimati Morning Coffee,4.4,14,2,27.6981,85.2970
Kuleshwor Square Tea Point,4.3,18,1,27.6925,85.2988
Balkhu South Cafe,4.1,11,2,27.6838,85.2915
The Grind (Kalimati),4.0,28,2,27.6979,85.2968
Kuleshwor Tara Cafe,4.2,12,2,27.6935,85.2991
Balkhu Heritage Tea,4.3,15,1,27.6841,85.2912
Riverside Tea Point (Kuleshwor),4.4,52,1,27.6912,85.2975
Kalimati Gate Coffee Shop,4.1,19,2,27.6985,85.2975
Kuleshwor Central Bakery,4.2,27,2,27.6922,85.2985
Balkhu Park Cafe,4.1,14,2,27.6845,85.2918
Tea Break (Kalimati),4.3,12,1,27.6975,85.2965
Kuleshwor Coffee Corner,4.1,18,2,27.6932,85.2995
Balkhu Gate Bakery,4.2,24,2,27.6835,85.2908
Mero Chiya Pasal (Kuleshwor),4.5,33,1,27.6915,85.2979
Kalimati Heritage Tea House,4.3,12,1,27.6981,85.2970
Kuleshwor Old Tea House,4.7,21,1,27.6928,85.2991
Balkhu Morning Coffee Hub,4.4,11,2,27.6841,85.2912
KaidaKo Coffee House,4.7,110,2,27.6720,85.3467
Himalayan Java Coffee (Kuleshwor/Balkhu Edge),4.3,150,3,27.6944,85.2987
SM BAKERY CAFE & GAMING,4.7,35,2,27.6800,85.3432
Hot Live Bakery Koteshwor,4.5,85,2,27.6871,85.3427
Hotel A One Cafe & Venue,4.1,210,2,27.6791,85.3484
Roadside Cafe (Balkhu/Ward 14),4.0,120,2,27.6902,85.2971
Caffeophilia (Balkhu-Gyaneshwor Link),4.8,95,2,27.7097,85.3327
Himalayan Coffee Hub,4.8,42,2,27.7240,85.2996
T-Ghar (Koteshwor Branch),4.2,65,1,27.6775,85.3481
Coffee Station (Koteshwor),4.3,55,2,27.6785,85.3475
Orange Bakery & Cafe (Balkhu),4.0,34,2,27.6915,85.2988
Koteshwor Morning Coffee,4.4,28,2,27.6795,85.3482
Daily Grind Koteshwor,4.2,19,2,27.6788,85.3478
Balkhu Junction Cafe,4.1,45,2,27.6845,85.2915
Chiya Sathi (Koteshwor),4.6,88,1,27.6772,85.3465
Smart Food & Cafe (Balkhu),4.2,31,2,27.6925,85.2992
Elite Coffee Hub Koteshwor,4.1,12,2,27.6802,85.3485
Alpine Coffee & Bakery,4.3,24,2,27.6815,85.3472
Matka Chiya Koteshwor,4.5,115,1,27.6782,85.3468
Koteshwor Central Bakery,4.2,52,2,27.6791,85.3480
Morning Bell Cafe (Balkhu),4.1,18,2,27.6912,85.2985
Station 14 Coffee,4.3,22,2,27.6785,85.3475
Balkhu Riverside Tea,4.4,45,1,27.6835,85.2912
Fresh Bake Koteshwor,4.1,33,2,27.6798,85.3488
Koteshwor Square Tea Point,4.3,14,1,27.6778,85.3462
Heritage Tea House Balkhu,4.2,27,2,27.6918,85.2995
The Bean Bag Cafe,4.4,21,2,27.6805,85.3482
Balkhu South Coffee,4.0,15,2,27.6842,85.2918
Koteshwor Gate Bakery,4.1,42,2,27.6775,85.3475
Local Chiya Adda Koteshwor,4.6,56,1,27.6788,85.3472
Caffeine Adda (Balkhu),4.3,19,2,27.6922,85.2988
Riverside Tea Point Koteshwor,4.5,31,1,27.6765,85.3458
Koteshwor View Cafe,4.1,12,2,27.6812,85.3491
Pachali Morning Coffee Hub,4.2,18,2,27.6885,85.3015
Balkhu Old Tea House,4.7,52,1,27.6832,85.2905
Mero Bakery (Koteshwor),4.0,28,2,27.6795,85.3485
Tea Break Koteshwor,4.3,22,1,27.6782,85.3465
Balkhu Park Cafe,4.1,14,2,27.6848,85.2922
Koteshwor Crossing Tea Stall,4.5,65,1,27.6778,85.3468
Alpine Bakery (Balkhu Edge),4.0,38,2,27.6915,85.2982
Nature's Coffee Koteshwor,4.3,15,2,27.6805,85.3488
Koteshwor Tara Cafe,4.2,19,2,27.6792,85.3475
Balkhu Morning Coffee,4.4,27,2,27.6918,85.2998
Tea & Snacks Hub Koteshwor,4.0,11,2,27.6788,85.3472
Koteshwor Corner Bakery,4.1,24,2,27.6785,85.3480
Balkhu Junction Coffee,4.0,31,2,27.6845,85.2915
Mero Chiya Pasal (Balkhu),4.5,45,1,27.6912,85.2985
Koteshwor Heritage Tea,4.3,18,1,27.6775,85.3462
A One Tea Shop Koteshwor,4.4,33,1,27.6791,85.3484
Balkhu Gateway Coffee,4.1,15,2,27.6925,85.2995
Koteshwor Street Cafe,3.9,22,1,27.6785,85.3478
Balkhu Bridge Tea Stall,4.5,52,1,27.6832,85.2908
The Grind (Koteshwor),4.0,14,2,27.6795,85.3482
Koteshwor Central Coffee,4.3,19,2,27.6788,85.3475
Balkhu Metro Cafe,4.1,12,2,27.6915,85.2991
Koteshwor Old Tea House,4.7,31,1,27.6772,85.3465
Balkhu Heritage Tea House,4.3,15,1,27.6918,85.2995
Koteshwor Junction Cafe,4.2,18,2,27.6798,85.3485
Balkhu Southern Coffee,4.1,11,2,27.6842,85.2918
Koteshwor Morning Dew Cafe,4.4,24,2,27.6802,85.3488
The Himalayan Java Coffee (Swayambhu),4.5,1200,3,27.7145,85.2912
Nirvana Garden Cafe (Swayambhu),4.4,310,2,27.7152,85.2905
Cafe de Swayambhu,4.2,450,2,27.7148,85.2918
Swayambhu View Cafe,4.1,215,2,27.7155,85.2922
White Tara Cafe,4.6,85,2,27.7162,85.2898
Peaceful Coffee & Bakery (Dallu),4.3,64,2,27.7125,85.2955
Dallu Coffee Hub,4.2,52,2,27.7118,85.2962
Banasthali Coffee Hub,4.1,38,2,27.7245,85.2985
Himalayan Coffee Hub (Banasthali),4.8,42,2,27.7240,85.2996
The Garden Cafe (Swayambhu),4.3,120,2,27.7150,85.2915
Lotus Coffee & Bakery,4.5,92,2,27.7142,85.2928
Dallu Junction Cafe,4.0,24,2,27.7105,85.2975
Monkey Temple Coffee Shop,4.2,310,2,27.7158,85.2902
Siddhartha Coffee Shop (Banasthali),4.0,55,2,27.7238,85.2991
Bijeshwori Tea Point,4.4,18,1,27.7168,85.2985
Stupa View Bakery,4.1,88,2,27.7152,85.2932
Karma Coffee (Swayambhu Edge),4.7,110,2,27.7141,85.2885
Dallu Awas Coffee Corner,4.2,15,2,27.7121,85.2958
Banasthali Gate Cafe,4.1,33,2,27.7242,85.2988
Dhungu's Coffee & Bakery,4.4,27,2,27.7135,85.2942
Heritage Tea House Swayambhu,4.3,42,2,27.7155,85.2908
Mero Chiya Adda (Dallu),4.6,65,1,27.7112,85.2965
Alpine Coffee & Bakery (Banasthali),4.1,19,2,27.7235,85.2995
Swayambhu Morning Tea Stall,4.7,115,1,27.7160,85.2925
Zen Coffee Shop,4.4,34,2,27.7145,85.2895
Dallu Riverside Tea,4.3,12,1,27.7108,85.2972
Station 15 Coffee,4.2,28,2,27.7148,85.2912
Banasthali View Bakery,4.0,21,2,27.7248,85.2982
Chiya Sathi (Swayambhu),4.5,52,1,27.7152,85.2918
The Bean Box Dallu,4.2,14,2,27.7125,85.2952
Smart Food & Cafe (Banasthali),4.1,31,2,27.7232,85.2998
Local Chiya Point Bijeshwori,4.6,88,1,27.7172,85.2982
Morning Bell Cafe (Swayambhu),4.3,19,2,27.7142,85.2905
Dallu Central Coffee,4.1,12,2,27.7128,85.2968
Banasthali Junction Tea,4.4,24,1,27.7245,85.2992
Swayambhu Heritage Tea,4.2,56,1,27.7158,85.2915
Alpine Bakery (Dallu),4.0,33,2,27.7115,85.2955
The Grind Swayambhu,4.3,27,2,27.7150,85.2922
Banasthali South Coffee,4.1,15,2,27.7238,85.2995
Matka Chiya (Swayambhu Entrance),4.7,145,1,27.7162,85.2918
Nature's Coffee Dallu,4.2,18,2,27.7122,85.2965
Swayambhu Square Tea Point,4.4,31,1,27.7155,85.2928
Banasthali Morning Dew Cafe,4.1,12,2,27.7242,85.2988
Tea & Snacks Hub Bijeshwori,4.0,22,2,27.7165,85.2981
Kailash Coffee Shop (Swayambhu),4.5,95,2,27.7148,85.2892
Dallu Old Tea House,4.6,52,1,27.7118,85.2958
Banasthali Heritage Tea,4.3,14,1,27.7248,85.2995
Swayambhu Bridge Tea Stall,4.4,65,1,27.7138,85.2945
The Bakery Shop Banasthali,4.1,28,2,27.7235,85.2985
Coffee Time Dallu,4.2,15,2,27.7125,85.2962
Bhotebahal Tea (Swayambhu Branch),4.5,42,1,27.7152,85.2912
Bijeshwori Gate Bakery,4.2,11,2,27.7175,85.2988
Mero Bakery (Swayambhu),4.0,24,2,27.7145,85.2925
Tea Break Dallu,4.3,18,1,27.7122,85.2955
Swayambhu Park Cafe,4.1,33,2,27.7165,85.2912
Fresh Bake Bijeshwori,4.2,14,2,27.7168,85.2985
Banasthali Gateway Coffee,4.0,19,2,27.7242,85.2992
Swayambhu Local Tea Point,4.6,56,1,27.7152,85.2908
Dallu Heights Cafe,4.1,12,2,27.7132,85.2968
Caffeine Adda (Swayambhu),4.3,27,2,27.7148,85.2915
The Himalayan Java Coffee (Balaju),4.4,450,3,27.7315,85.3012
RedMud Coffee (Nayabazar),4.3,210,2,27.7215,85.3055
Hot Live Bakery (Balaju Chowk),4.5,320,2,27.7322,85.3008
Caffeophilia (Nayabazar),4.7,115,2,27.7222,85.3061
Coffee Station (Sorhakhutte),4.3,85,2,27.7165,85.3082
The Bakery Cafe (Balaju),4.1,1200,2,27.7308,85.3015
Swiss Bakery Balaju,4.2,185,2,27.7312,85.3025
Machhapokhari Coffee Hub,4.0,52,2,27.7355,85.2985
Bake n Cakes (Nayabazar),4.4,92,2,27.7208,85.3048
Mount Mary Bakery (Sorhakhutte),4.3,145,2,27.7172,85.3088
Balaju Heights Cafe,4.1,38,2,27.7335,85.3042
Coffee Saalaa (Nayabazar),4.5,64,2,27.7218,85.3052
Smart Food & Snacks Cafe (Balaju),4.0,24,2,27.7318,85.3005
Balaju Industrial Area Canteen,4.2,310,1,27.7352,85.3018
Newa Coffee House (Sorhakhutte),4.1,28,2,27.7168,85.3075
Chiya Sathi (Balaju),4.6,95,1,27.7305,85.3022
Nayabazar Junction Cafe,4.2,42,2,27.7225,85.3065
Daily Grind Balaju,4.3,18,2,27.7315,85.3012
B.B. Bakery and Coffee,4.1,56,2,27.7328,85.3001
Sorhakhutte Morning Tea Stall,4.7,120,1,27.7175,85.3092
Alpine Coffee & Bakery (Machhapokhari),4.2,33,2,27.7358,85.2978
Mero Chiya Adda (Nayabazar),4.5,74,1,27.7212,85.3045
The Bean Box Balaju,4.4,27,2,27.7325,85.3032
Balaju Garden Cafe,4.1,45,2,27.7310,85.3018
Machhapokhari Tea Corner,4.3,15,1,27.7352,85.2982
Lekhnath Coffee Shop (Sorhakhutte),4.0,22,2,27.7162,85.3078
Heritage Tea House Balaju,4.2,31,2,27.7320,85.3025
Caffeine Adda (Nayabazar),4.3,19,2,27.7215,85.3058
Balaju Square Tea Point,4.4,52,1,27.7325,85.3015
Smart Bake & Cafe (Machhapokhari),4.1,14,2,27.7355,85.2991
Nature's Coffee Sorhakhutte,4.2,28,2,27.7178,85.3085
Matka Chiya (Balaju Bypass),4.7,185,1,27.7345,85.2995
The Grind Nayabazar,4.3,34,2,27.7220,85.3062
Balaju Gate Bakery,4.2,55,2,27.7312,85.3002
Nayabazar Morning Dew Cafe,4.4,22,2,27.7205,85.3042
Machhapokhari Heritage Tea,4.3,12,1,27.7360,85.2988
Sorhakhutte Crossing Tea Stall,4.5,88,1,27.7170,85.3082
Alpine Bakery (Balaju),4.1,65,2,27.7318,85.3015
Nayabazar Central Coffee,4.2,24,2,27.7218,85.3055
The Bakery Shop Machhapokhari,4.1,19,2,27.7352,85.2985
Balaju South Coffee Hub,4.3,15,2,27.7295,85.3028
Sorhakhutte Old Tea House,4.7,65,1,27.7165,85.3085
Mero Bakery (Nayabazar),4.0,31,2,27.7222,85.3068
Tea Break Balaju,4.3,27,1,27.7315,85.3022
Machhapokhari Junction Tea,4.4,18,1,27.7358,85.2995
Fresh Bake Sorhakhutte,4.2,22,2,27.7172,85.3088
Balaju Local Tea Point,4.6,110,1,27.7325,85.3012
Nayabazar Heights Cafe,4.1,12,2,27.7228,85.3072
Balaju Bridge Tea Stall,4.5,52,1,27.7332,85.2998
Caffeine Corner Machhapokhari,4.0,11,2,27.7350,85.2982
Sorhakhutte Square Tea Point,4.3,24,1,27.7168,85.3081
Nayabazar Park Cafe,4.1,15,2,27.7210,85.3050
Balaju Central Bakery,4.2,42,2,27.7315,85.3008
Machhapokhari Morning Coffee,4.4,21,2,27.7355,85.2988
Tea & Snacks Hub Balaju,4.0,14,2,27.7322,85.3018
Nayabazar Heritage Tea House,4.3,19,1,27.7215,85.3058
Balaju Metro Cafe,4.1,12,2,27.7305,85.3015
Sorhakhutte Heritage Tea,4.3,27,1,27.7165,85.3088
Machhapokhari Gateway Coffee,4.0,15,2,27.7352,85.2992
Balaju Street Cafe,3.9,33,1,27.7318,85.3025
Himalayan Java Coffee (Lainchaur),4.4,1150,3,27.7198,85.3125
Roadhouse Cafe (Chhetrapati),4.3,2100,3,27.7135,85.3088
Snowman Bakery (Ward 17 Edge),4.2,1850,1,27.7058,85.3082
Chhetrapati Free Clinic Cafe,4.1,45,2,27.7125,85.3075
BODHI Books and Bakes (Lainchaur),4.7,680,2,27.7185,85.3138
Ananda Tree House Cafe,4.5,420,2,27.7142,85.3092
Pumpernickel Bakery (Ward 17/26 Border),4.1,1500,2,27.7152,85.3105
Lainchaur Coffee Hub,4.2,120,2,27.7205,85.3118
Chick N' Falafel (Chhetrapati),4.4,310,1,27.7138,85.3082
Mitho Coffee (Lainchaur),4.6,85,2,27.7192,85.3132
Caffeophilia (Lainchaur),4.7,145,2,27.7212,85.3128
The Bakery Cafe (Lainchaur),4.1,850,2,27.7188,85.3115
Mountmary Bakery (Chhetrapati),4.3,215,2,27.7128,85.3072
Coffee Time Lainchaur,4.0,52,2,27.7195,85.3122
Chhetrapati Morning Tea Stall,4.6,92,1,27.7132,85.3085
Lainchaur Tea Point,4.3,34,1,27.7208,85.3112
White Girl Coffee (Chhetrapati),4.5,56,2,27.7145,85.3095
Daily Grind Lainchaur,4.2,28,2,27.7182,85.3128
Alpine Coffee & Bakery (Chhetrapati),4.1,42,2,27.7122,85.3078
Heritage Tea House Lainchaur,4.4,18,2,27.7198,85.3135
Mero Chiya Adda (Chhetrapati),4.5,110,1,27.7135,85.3088
Lainchaur Junction Cafe,4.1,24,2,27.7202,85.3115
The Bean Box Chhetrapati,4.3,38,2,27.7141,85.3091
Lainchaur Garden Cafe,4.2,65,2,27.7185,85.3125
Smart Food & Cafe (Chhetrapati),4.0,15,2,27.7128,85.3082
Chhetrapati Square Tea Point,4.5,74,1,27.7138,85.3075
Nature's Coffee Lainchaur,4.2,21,2,27.7192,85.3132
Caffeine Adda (Chhetrapati),4.3,33,2,27.7145,85.3098
Lainchaur Gate Bakery,4.1,55,2,27.7188,85.3118
Chhetrapati Heritage Tea,4.4,27,1,27.7132,85.3085
Morning Bell Cafe (Lainchaur),4.2,19,2,27.7195,85.3125
The Grind Chhetrapati,4.3,12,2,27.7142,85.3092
Lainchaur South Coffee,4.0,31,2,27.7182,85.3135
Matka Chiya (Chhetrapati Crossing),4.7,145,1,27.7135,85.3078
Lainchaur Crossing Tea Stall,4.5,52,1,27.7205,85.3112
Alpine Bakery (Lainchaur),4.1,88,2,27.7198,85.3122
Chhetrapati Central Coffee,4.2,14,2,27.7138,85.3082
The Bakery Shop Lainchaur,4.1,22,2,27.7185,85.3115
Chhetrapati View Bakery,4.0,18,2,27.7145,85.3095
Sorhakhutte Tea (Ward 17 Edge),4.5,65,1,27.7165,85.3085
Mero Bakery (Lainchaur),4.0,24,2,27.7192,85.3128
Tea Break Chhetrapati,4.3,31,1,27.7132,85.3088
Lainchaur Metro Cafe,4.2,11,2,27.7208,85.3115
Chhetrapati Local Tea Point,4.6,88,1,27.7138,85.3072
Lainchaur Heights Cafe,4.1,27,2,27.7195,85.3138
Caffeine Corner Chhetrapati,4.2,15,2,27.7145,85.3092
Lainchaur Central Bakery,4.1,33,2,27.7188,85.3125
Chhetrapati Bridge Tea Stall,4.5,42,1,27.7125,85.3078
Tea & Snacks Hub Lainchaur,4.0,12,2,27.7192,85.3132
Chhetrapati Morning Coffee,4.4,19,2,27.7135,85.3085
Lainchaur Square Tea Point,4.3,24,1,27.7205,85.3118
Chhetrapati Park Cafe,4.2,15,2,27.7142,85.3098
Lainchaur Heritage Tea House,4.4,31,1,27.7198,85.3122
Chhetrapati Gateway Coffee,4.1,11,2,27.7138,85.3088
Lainchaur Street Cafe,3.9,22,1,27.7192,85.3135
Chhetrapati Morning Dew Cafe,4.3,14,2,27.7145,85.3095
Lainchaur Tea Break,4.2,18,1,27.7208,85.3112
Chhetrapati Old Tea House,4.7,55,1,27.7132,85.3075
Lainchaur Junction Tea,4.4,12,1,27.7202,85.3118
Chhetrapati Morning Coffee Hub,4.5,11,2,27.7135,85.3082
Nhyokha Mithaai Bhandar,4.5,210,1,27.7095,85.3082
Bakery House (Nardevi),4.2,85,2,27.7088,85.3075
Kilagal Morning Tea Point,4.6,120,1,27.7082,85.3095
Nardevi Fruits and Juice Center,4.1,45,1,27.7085,85.3072
Cakes N Bakes Anytime (Nardevi),4.3,56,2,27.7089,85.3078
Aajju Tea Shop (Kilagal),4.5,34,1,27.7080,85.3092
Pari's Tea House,4.4,22,1,27.7092,85.3085
Newa Nasa (Local Snacks),4.3,88,1,27.7086,85.3070
Itum Bahal Coffee Corner,4.2,15,2,27.7102,85.3088
Nyakhachok Tea Stall,4.7,52,1,27.7090,85.3098
Kilagal Central Bakery,4.0,28,2,27.7083,85.3094
Nepa Tea Shop (Nardevi),4.4,19,1,27.7087,85.3076
Aila Pa Sa (Traditional Cafe),4.5,64,2,27.7098,85.3080
Mankan Dhak Sweets & Tea,4.3,31,1,27.7082,85.3072
Kilagal Junction Coffee,4.1,12,2,27.7081,85.3096
Nardevi Heritage Tea,4.6,74,1,27.7088,85.3074
Itum Bahal Heritage Tea,4.5,42,1,27.7105,85.3085
Nyakhachok Morning Coffee,4.3,18,2,27.7092,85.3095
Kilagal Gate Bakery,4.1,33,2,27.7080,85.3090
Nardevi Crossing Tea Stall,4.5,95,1,27.7085,85.3075
Chittadhar Marg Tea Hub,4.2,27,1,27.7088,85.3068
Kilagal Square Tea Point,4.4,52,1,27.7084,85.3092
Nardevi Old Tea House,4.7,110,1,27.7087,85.3073
Itum Bahal Square Cafe,4.2,21,2,27.7100,85.3082
Nyakhachok Local Tea Point,4.6,38,1,27.7095,85.3098
Kilagal View Bakery,4.0,15,2,27.7082,85.3097
Nardevi Morning Dew Cafe,4.3,12,2,27.7089,85.3079
The Grind Kilagal,4.2,14,2,27.7085,85.3091
Nardevi Central Coffee,4.1,19,2,27.7086,85.3071
Itum Bahal Corner Tea,4.4,24,1,27.7108,85.3088
Nyakhachok Crossing Tea Stall,4.5,65,1,27.7091,85.3094
Kilagal Local Coffee Hub,4.3,11,2,27.7080,85.3098
Nardevi Square Tea Point,4.4,42,1,27.7084,85.3076
Itum Bahal Junction Cafe,4.1,18,2,27.7102,85.3080
Nyakhachok Heritage Tea House,4.2,15,1,27.7093,85.3096
Kilagal Riverside Tea (Edge),4.3,22,1,27.7075,85.3095
Nardevi Heights Cafe,4.1,12,2,27.7082,85.3078
Itum Bahal Morning Tea Stall,4.5,31,1,27.7105,85.3085
Nyakhachok Central Bakery,4.0,24,2,27.7090,85.3092
Kilagal Morning Coffee Hub,4.4,14,2,27.7083,85.3093
Nardevi Gate Bakery,4.1,28,2,27.7088,85.3072
Itum Bahal View Bakery,4.2,11,2,27.7100,85.3088
Nyakhachok Square Tea Point,4.3,19,1,27.7094,85.3098
Kilagal Bridge Tea Stall,4.5,55,1,27.7078,85.3102
Nardevi Street Cafe,3.9,22,1,27.7085,85.3075
Itum Bahal Local Tea Point,4.4,33,1,27.7103,85.3082
Nyakhachok Morning Coffee,4.2,15,2,27.7092,85.3095
Kilagal Heritage Tea House,4.3,27,1,27.7082,85.3094
Nardevi Metro Cafe,4.1,11,2,27.7087,85.3078
Itum Bahal Junction Tea,4.4,18,1,27.7105,85.3085
Nyakhachok Crossing Coffee,4.1,12,2,27.7091,85.3094
Kilagal Central Coffee,4.2,15,2,27.7085,85.3092
Nardevi Morning Coffee Hub,4.4,21,2,27.7085,85.3076
Itum Bahal Square Tea Point,4.3,14,1,27.7102,85.3088
Nyakhachok Park Cafe (Edge),4.1,11,2,27.7098,85.3105
Kilagal Local Tea Point,4.6,42,1,27.7082,85.3096
Nardevi Heritage Tea House,4.4,19,1,27.7086,85.3074
Itum Bahal Gateway Coffee,4.0,15,2,27.7105,85.3082
Nyakhachok Morning Dew Cafe,4.3,12,2,27.7094,85.3092
Kilagal Tea Break,4.2,11,1,27.7080,85.3095
Bhimsensthan Chiya Point,4.5,120,1,27.7042,85.3035
Hanu Tea House (Maru),4.4,56,2,27.7038,85.3055
Pashupati Bakery (Damaitol),4.3,88,2,27.7051,85.3032
Maru Coffee Hub,4.2,42,2,27.7040,85.3052
Gahiti Tea Center,4.6,31,1,27.7055,85.3048
Damaitol Morning Tea Stall,4.5,65,1,27.7053,85.3035
Bhimsensthan Heritage Tea,4.4,24,1,27.7045,85.3038
Maru Ganesh Tea Corner,4.7,95,1,27.7035,85.3058
Local Chiya Adda (Bhimsensthan),4.6,38,1,27.7048,85.3032
Damaitol Central Bakery,4.1,22,2,27.7050,85.3030
Bhimsensthan Junction Coffee,4.2,15,2,27.7044,85.3036
Maru Square Coffee,4.3,28,2,27.7039,85.3054
Gahiti Junction Tea,4.4,19,1,27.7058,85.3045
Damaitol Gate Bakery,4.0,18,2,27.7055,85.3038
Bhimsensthan Old Tea House,4.7,85,1,27.7042,85.3031
Maru Heritage Tea House,4.5,42,1,27.7038,85.3057
Gahiti Local Tea Point,4.6,27,1,27.7056,85.3049
Damaitol Morning Coffee Hub,4.2,14,2,27.7052,85.3034
Bhimsensthan Crossing Tea Stall,4.5,52,1,27.7046,85.3037
Maru Morning Dew Cafe,4.3,21,2,27.7041,85.3056
Gahiti Square Tea Point,4.4,18,1,27.7057,85.3042
Damaitol Street Cafe,3.9,12,1,27.7054,85.3031
Bhimsensthan Heritage Coffee,4.3,19,2,27.7043,85.3033
Maru Crossing Tea Stall,4.5,33,1,27.7040,85.3051
Gahiti Central Bakery,4.1,15,2,27.7055,85.3046
Damaitol Local Tea Point,4.6,45,1,27.7052,85.3036
Bhimsensthan Morning Coffee,4.4,11,2,27.7045,85.3034
Maru View Bakery,4.2,14,2,27.7037,85.3058
Gahiti Heritage Tea House,4.3,22,1,27.7059,85.3044
Damaitol Corner Tea,4.4,15,1,27.7051,85.3039
Bhimsensthan Square Tea Point,4.3,24,1,27.7048,85.3035
Maru Local Coffee Hub,4.2,12,2,27.7042,85.3053
Gahiti Morning Tea Stall,4.5,31,1,27.7057,85.3048
Damaitol Junction Cafe,4.1,18,2,27.7056,85.3032
Bhimsensthan View Bakery,4.0,11,2,27.7041,85.3039
Maru Morning Coffee Hub,4.4,27,2,27.7039,85.3055
Gahiti Crossing Tea Stall,4.5,14,1,27.7054,85.3046
Damaitol Heritage Tea House,4.3,19,1,27.7053,85.3038
Bhimsensthan Morning Dew Cafe,4.2,15,2,27.7044,85.3031
Maru Street Cafe,4.1,22,1,27.7041,85.3052
Gahiti Gate Bakery,4.2,12,2,27.7058,85.3042
Damaitol Metro Cafe,4.0,11,2,27.7055,85.3034
Bhimsensthan Local Tea Point,4.6,56,1,27.7042,85.3037
Maru Junction Tea,4.4,31,1,27.7038,85.3059
Gahiti Morning Coffee Hub,4.2,11,2,27.7056,85.3045
Damaitol Crossing Coffee,4.1,14,2,27.7052,85.3037
Bhimsensthan Park Cafe (Edge),4.3,18,2,27.7038,85.3028
Maru Heritage Tea,4.5,15,1,27.7040,85.3054
Gahiti View Bakery,4.1,12,2,27.7057,85.3047
Damaitol Square Tea Point,4.3,22,1,27.7054,85.3035
Bhimsensthan Gateway Coffee,4.2,11,2,27.7046,85.3032
Maru Park Cafe,4.1,19,2,27.7035,85.3050
Gahiti Crossing Coffee,4.0,14,2,27.7055,85.3042
Damaitol Morning Coffee,4.4,24,2,27.7051,85.3033
Bhimsensthan Tea Break,4.2,15,1,27.7048,85.3038
Maru Old Tea House,4.7,45,1,27.7037,85.3056
Gahiti Heritage Tea,4.3,12,1,27.7058,85.3041
Damaitol Local Coffee Hub,4.2,18,2,27.7053,85.3035
Bhimsensthan Central Bakery,4.1,12,2,27.7044,85.3033
Maru Morning Coffee,4.4,11,2,27.7042,85.3057
Kohity Coffee & Bakery,4.3,45,2,27.7058,85.3015
Bhimsensthan West Tea Point,4.5,82,1,27.7045,85.3028
Khadka Cake and Tea Shop,4.2,28,1,27.7025,85.3005
Paropakar Morning Coffee Hub,4.1,19,2,27.7022,85.2995
Kohity Square Tea Stall,4.6,94,1,27.7055,85.3012
Local Chiya Adda (Kohity),4.5,56,1,27.7052,85.3018
Bhimsensthan Crossing Coffee,4.3,31,2,27.7042,85.3025
Paropakar Central Bakery,4.0,24,2,27.7028,85.3002
Kohity Junction Cafe,4.2,15,2,27.7056,85.3015
Heritage Tea House Kohity,4.4,27,1,27.7053,85.3011
Bhimsensthan Heritage Coffee,4.2,12,2,27.7048,85.3032
Paropakar Gate Bakery,4.1,33,2,27.7025,85.2998
Kohity Old Tea House,4.7,65,1,27.7054,85.3014
Bhimsensthan View Bakery,4.0,18,2,27.7041,85.3029
Kohity Morning Dew Cafe,4.3,14,2,27.7057,85.3016
Paropakar Local Tea Point,4.6,38,1,27.7023,85.3001
Bhimsensthan Square Tea Point,4.4,52,1,27.7046,85.3026
Kohity Local Coffee Hub,4.2,11,2,27.7052,85.3013
Paropakar Morning Coffee,4.4,22,2,27.7026,85.2997
Bhimsensthan Old Tea Stall,4.7,88,1,27.7043,85.3024
Kohity View Bakery,4.1,19,2,27.7058,85.3018
Paropakar Heritage Tea House,4.3,15,1,27.7024,85.3005
Bhimsensthan Junction Cafe,4.2,14,2,27.7045,85.3022
Kohity Crossing Tea Stall,4.5,42,1,27.7051,85.3010
Paropakar Corner Tea,4.4,27,1,27.7021,85.2992
Bhimsensthan Local Coffee Hub,4.1,11,2,27.7047,85.3030
Kohity Heritage Tea,4.3,21,1,27.7055,85.3012
Paropakar Square Tea Point,4.2,18,1,27.7025,85.3008
Bhimsensthan Morning Coffee Hub,4.4,15,2,27.7042,85.3021
Kohity Street Cafe,3.9,24,1,27.7056,85.3014
Paropakar View Bakery,4.0,12,2,27.7027,85.2994
Bhimsensthan Crossing Tea Stall,4.5,31,1,27.7044,85.3027
Kohity Central Bakery,4.1,22,2,27.7054,85.3017
Paropakar Morning Dew Cafe,4.3,11,2,27.7022,85.2996
Bhimsensthan Gate Bakery,4.1,28,2,27.7046,85.3025
Kohity Metro Cafe,4.0,14,2,27.7057,85.3013
Paropakar Local Tea Point,4.6,52,1,27.7024,85.3002
Bhimsensthan Heritage Tea,4.4,24,1,27.7043,85.3028
Kohity Morning Coffee,4.2,15,2,27.7053,85.3011
Paropakar Crossing Coffee,4.1,14,2,27.7026,85.2998
Bhimsensthan Square Coffee,4.3,19,2,27.7045,85.3023
Kohity Park Cafe (Edge),4.1,18,2,27.7059,85.3008
Paropakar Gateway Coffee,4.0,11,2,27.7021,85.3005
Bhimsensthan Morning Coffee,4.4,21,2,27.7042,85.3025
Kohity Tea Break,4.3,15,1,27.7052,85.3016
Paropakar Old Tea House,4.7,45,1,27.7028,85.3003
Bhimsensthan Local Tea Point,4.6,56,1,27.7048,85.3021
Kohity Heritage Tea House,4.2,12,1,27.7054,85.3015
Paropakar Junction Tea,4.3,14,1,27.7025,85.2991
Bhimsensthan Tea Break,4.1,18,1,27.7044,85.3029
Kohity Bridge Tea Stall,4.5,33,1,27.7050,85.3005
Paropakar Central Coffee,4.2,12,2,27.7024,85.2995
Bhimsensthan Morning Dew Cafe,4.3,11,2,27.7046,85.3022
Kohity Crossing Coffee,4.0,15,2,27.7055,85.3012
Paropakar Park Cafe,4.1,19,2,27.7027,85.3008
Bhimsensthan Heritage Tea House,4.4,27,1,27.7041,85.3024
Kohity Gateway Coffee,4.1,11,2,27.7056,85.3018
Paropakar Street Cafe,3.9,14,1,27.7023,85.2992
Bhimsensthan Morning Coffee Hub,4.5,12,2,27.7043,85.3026
Kohity Morning Coffee Hub,4.4,14,2,27.7052,85.3014
Laxmi Chiya Pasal (Lagan),4.4,115,1,27.6985,85.3082
Chandra Chiya Pasal (Lagantol),4.3,92,1,27.6992,85.3078
Lagantol Coffee House,4.2,45,2,27.6988,85.3085
Gofal Morning Tea Stall,4.6,78,1,27.6975,85.3092
Jaisi Dewal Tea Corner,4.5,130,1,27.7012,85.3058
Youngal Bakery & Cafe,4.1,34,2,27.7002,85.3065
Lagan Junction Coffee,4.0,22,2,27.6982,85.3088
Bhotebahal Tea (Lagan Edge),4.4,65,1,27.6978,85.3072
Gofal Heritage Tea House,4.5,42,1,27.6972,85.3095
Youngal Square Tea Point,4.3,28,1,27.7005,85.3062
Jaisi Dewal Heritage Coffee,4.2,31,2,27.7015,85.3055
Lagan Central Bakery,4.1,27,2,27.6985,85.3082
Gofal Local Coffee Hub,4.3,15,2,27.6970,85.3098
Youngal Morning Dew Cafe,4.2,19,2,27.7008,85.3068
Jaisi Dewal Old Tea House,4.7,110,1,27.7010,85.3052
Lagan View Bakery,4.0,14,2,27.6988,85.3085
Gofal Crossing Tea Stall,4.5,52,1,27.6974,85.3090
Youngal Local Tea Point,4.6,33,1,27.7003,85.3064
Jaisi Dewal Square Tea Point,4.4,45,1,27.7012,85.3058
Lagan Morning Coffee Hub,4.2,12,2,27.6982,85.3080
Gofal Heritage Coffee,4.3,18,2,27.6971,85.3094
Youngal Junction Cafe,4.1,21,2,27.7005,85.3061
Jaisi Dewal Morning Tea Stall,4.6,85,1,27.7015,85.3056
Lagan Street Cafe,3.9,24,1,27.6984,85.3086
Gofal Gate Bakery,4.1,15,2,27.6976,85.3092
Youngal Corner Tea,4.4,22,1,27.7001,85.3068
Jaisi Dewal View Bakery,4.0,12,2,27.7018,85.3054
Lagan Local Tea Point,4.5,65,1,27.6986,85.3079
Gofal Morning Coffee,4.3,11,2,27.6973,85.3096
Youngal Crossing Tea Stall,4.5,27,1,27.7004,85.3063
Jaisi Dewal Local Coffee Hub,4.2,14,2,27.7014,85.3051
Lagan Heritage Tea House,4.3,31,1,27.6981,85.3085
Gofal Square Tea Point,4.4,19,1,27.6975,85.3098
Youngal Central Bakery,4.1,18,2,27.7002,85.3065
Jaisi Dewal Crossing Tea Stall,4.5,38,1,27.7011,85.3057
Lagan Gate Bakery,4.0,11,2,27.6987,85.3082
Gofal Junction Cafe,4.2,14,2,27.6978,85.3092
Youngal Heritage Tea House,4.3,15,1,27.7006,85.3067
Jaisi Dewal Morning Dew Cafe,4.2,12,2,27.7016,85.3053
Lagan Metro Cafe,4.1,15,2,27.6983,85.3088
Gofal Old Tea House,4.7,42,1,27.6972,85.3094
Youngal View Bakery,4.0,12,2,27.7004,85.3062
Jaisi Dewal Heritage Tea,4.4,33,1,27.7013,85.3058
Lagan Crossing Coffee,4.2,11,2,27.6985,85.3084
Gofal Morning Coffee Hub,4.4,14,2,27.6975,85.3091
Youngal Square Coffee,4.2,15,2,27.7007,85.3065
Jaisi Dewal Local Tea Point,4.6,56,1,27.7012,85.3052
Lagan Park Cafe (Edge),4.3,18,2,27.6980,85.3075
Gofal Bridge Tea Stall,4.5,27,1,27.6968,85.3102
Youngal Tea Break,4.2,12,1,27.7001,85.3066
Jaisi Dewal Gateway Coffee,4.1,11,2,27.7015,85.3058
Lagan Central Coffee,4.2,14,2,27.6986,85.3083
Gofal Heritage Tea,4.3,18,1,27.6974,85.3095
Youngal Morning Coffee,4.4,15,2,27.7004,85.3064
Jaisi Dewal Square Tea Point,4.3,19,1,27.7011,85.3056
Lagan Tea Break,4.2,12,1,27.6982,85.3085
Gofal Local Tea Point,4.6,31,1,27.6972,85.3098
Youngal Heritage Tea,4.3,14,1,27.7005,85.3068
Jaisi Dewal Central Bakery,4.1,15,2,27.7014,85.3054
Lagan Morning Dew Cafe,4.3,11,2,27.6988,85.3081
Himalayan Java Coffee (New Road),4.4,850,3,27.7042,85.3121
Revolution Cafe (Bishal Bazar),4.3,320,2,27.7051,85.3115
Snowman Cafe (Jhochhen Edge),4.2,1850,1,27.7025,85.3108
Sankata Lassi & Cafe,4.5,1200,1,27.7018,85.3128
Coffee Ghar (Mahabouddha),4.3,115,2,27.7055,85.3142
Shisha Cafe & Restaurant (Pako),4.1,210,2,27.7048,85.3112
Bento Cafe (New Road),4.2,85,2,27.7038,85.3118
Layaku Cafe Lounge (Basantapur Edge),4.4,145,2,27.7032,85.3105
Purna Sweets & Tea (Pako),4.5,310,1,27.7045,85.3110
Tiffin Break Cafe,4.1,64,2,27.7022,85.3125
Baucha Cafe (Sundhara Marg),4.0,52,2,27.7012,85.3132
Himalayan Bud Coffee House,4.3,38,2,27.7058,85.3135
Street Food & Coffee (Duga Bahi),4.2,42,2,27.7040,85.3122
New Shandar Momo & Cafe,4.4,92,1,27.7015,85.3135
Lily Cafe & Restaurant,4.1,120,2,27.7035,85.3115
Coffee & Art Cafe (New Road),4.3,28,2,27.7041,85.3119
Thaybhu Cafe,4.2,15,2,27.7048,85.3125
Pako Morning Tea Stall,4.6,88,1,27.7046,85.3111
Mahabouddha Heritage Tea,4.4,34,1,27.7052,85.3145
Khichapokhari Junction Coffee,4.1,22,2,27.7035,85.3118
New Road Central Bakery,4.2,56,2,27.7040,85.3120
Tebahal Local Tea Point,4.5,45,1,27.7028,85.3138
Pako Square Coffee,4.3,19,2,27.7044,85.3113
New Road View Bakery,4.0,31,2,27.7045,85.3125
Mahabouddha Morning Coffee,4.2,12,2,27.7054,85.3140
Khichapokhari Old Tea House,4.7,110,1,27.7032,85.3115
Sundhara Marg Crossing Tea,4.5,65,1,27.7015,85.3132
Pako Local Tea Point,4.6,52,1,27.7047,85.3110
Tebahal Heritage Tea House,4.3,18,1,27.7025,85.3140
New Road Gate Coffee,4.1,27,2,27.7048,85.3128
Mahabouddha Square Tea Point,4.4,33,1,27.7056,85.3143
Khichapokhari Morning Dew Cafe,4.2,15,2,27.7038,85.3112
Pako Junction Cafe,4.1,24,2,27.7043,85.3115
New Road Heritage Tea,4.5,42,1,27.7041,85.3119
Tebahal Crossing Tea Stall,4.4,28,1,27.7022,85.3135
Sundhara Marg Local Coffee,4.2,11,2,27.7018,85.3130
Pako Heritage Tea House,4.3,19,1,27.7045,85.3114
Mahabouddha Gate Bakery,4.1,15,2,27.7055,85.3148
Khichapokhari Central Bakery,4.2,14,2,27.7035,85.3120
New Road Street Cafe,3.9,31,1,27.7042,85.3122
Tebahal View Bakery,4.0,12,2,27.7026,85.3142
Sundhara Marg Old Tea House,4.7,52,1,27.7012,85.3135
Pako Morning Coffee Hub,4.4,18,2,27.7046,85.3112
Mahabouddha Local Tea Point,4.6,38,1,27.7053,85.3141
Khichapokhari Local Coffee,4.1,12,2,27.7034,85.3116
New Road Crossing Tea Stall,4.5,65,1,27.7040,85.3125
Tebahal Heritage Tea,4.3,14,1,27.7024,85.3139
Sundhara Marg Heritage Coffee,4.2,11,2,27.7016,85.3131
Pako Square Tea Point,4.4,21,1,27.7044,85.3110
Mahabouddha Junction Cafe,4.1,15,2,27.7054,85.3145
Khichapokhari Heritage Tea House,4.3,22,1,27.7036,85.3114
New Road Metro Cafe,4.0,12,2,27.7045,85.3128
Tebahal Morning Tea Stall,4.5,33,1,27.7028,85.3135
Sundhara Marg Gateway Coffee,4.1,11,2,27.7014,85.3133
Pako View Bakery,4.2,15,2,27.7048,85.3112
Mahabouddha Crossing Coffee,4.1,14,2,27.7052,85.3143
Khichapokhari Square Tea Point,4.3,19,1,27.7032,85.3118
New Road Morning Coffee Hub,4.4,12,2,27.7043,85.3124
Tebahal Central Coffee,4.2,11,2,27.7025,85.3138
Sundhara Marg Park Cafe,4.1,18,2,27.7010,85.3130
Snowman Cafe (Jhochhen),4.3,1850,1,27.7025,85.3108
Chiya Adda (Basantapur),3.8,115,2,27.7032,85.3098
Himalayan Cafe (Freak Street),4.1,320,2,27.7028,85.3105
Manakamana Egg Roll (Dharma Path),4.1,245,1,27.7042,85.3115
S cafe (Jhochhen),4.0,56,2,27.7035,85.3110
Layaku Cafe Lounge,4.2,85,2,27.7030,85.3102
Shandar Cafe (Siddhicharan Marg),4.4,110,1,27.7038,85.3112
Bento Cafe (Jhochhen),4.2,42,2,27.7032,85.3108
Keepa's Cafe & Sandwich Park,4.1,64,2,27.7025,85.3112
Freak Zone Cafe,3.9,28,2,27.7022,85.3105
Palpasa Cafe (Jhochhen),4.3,34,2,27.7035,85.3115
Teenpate Tea Shop,3.8,52,1,27.7041,85.3118
Om Bonobo Organic Cafe,4.5,19,2,27.7028,85.3100
Falcha Restaurant & Cafe,4.2,145,2,27.7032,85.3112
Vishram Cafe (Basantapur),4.0,22,2,27.7038,85.3095
The Comic Cafe,4.4,15,2,27.7030,85.3110
Bhattimandu Cafe,4.1,31,2,27.7025,85.3102
Morrison Cafe,4.2,18,2,27.7033,85.3115
Habtawa Cafe,3.9,12,2,27.7028,85.3108
Triratna Cafe,4.3,27,2,27.7035,85.3092
Jhochhen Morning Tea Stall,4.6,95,1,27.7025,85.3110
Dharma Path Local Tea,4.4,52,1,27.7040,85.3115
Om Bahal Junction Tea,4.5,33,1,27.7028,85.3095
Basantapur Dabali Chiya,4.7,110,1,27.7035,85.3090
Freak Street Heritage Tea,4.3,24,1,27.7026,85.3105
Dharma Path Central Bakery,4.0,18,2,27.7042,85.3112
Jhochhen Square Coffee,4.1,15,2,27.7032,85.3108
Om Bahal View Bakery,4.2,11,2,27.7030,85.3098
Basantapur View Restaurant,4.0,65,3,27.7038,85.3102
Jhochhen Heritage Tea House,4.4,42,1,27.7028,85.3112
Dharma Path Crossing Tea,4.5,28,1,27.7043,85.3118
Om Bahal Morning Dew Cafe,4.2,14,2,27.7031,85.3096
Freak Street Old Tea House,4.7,85,1,27.7024,85.3104
Jhochhen Local Coffee Hub,4.1,12,2,27.7030,85.3110
Dharma Path Morning Coffee,4.4,19,2,27.7041,85.3115
Om Bahal Square Tea Point,4.3,21,1,27.7029,85.3092
Basantapur Gate Bakery,4.1,31,2,27.7036,85.3105
Jhochhen Crossing Tea Stall,4.5,52,1,27.7028,85.3108
Dharma Path Heritage Tea,4.3,15,1,27.7040,85.3112
Om Bahal Local Tea Point,4.6,38,1,27.7027,85.3094
Freak Street Morning Coffee,4.2,14,2,27.7025,85.3102
Jhochhen Central Bakery,4.0,22,2,27.7032,85.3110
Dharma Path Square Tea,4.4,27,1,27.7042,85.3116
Om Bahal Junction Cafe,4.1,15,2,27.7030,85.3095
Basantapur Local Coffee,4.2,12,2,27.7034,85.3100
Jhochhen View Bakery,4.1,11,2,27.7033,85.3108
Dharma Path Metro Cafe,4.0,14,2,27.7044,85.3118
Om Bahal Heritage Tea House,4.3,19,1,27.7028,85.3098
Freak Street Crossing Tea,4.5,33,1,27.7022,85.3106
Jhochhen Street Cafe,3.9,21,1,27.7030,85.3112
Dharma Path Heritage Coffee,4.2,11,2,27.7041,85.3114
Om Bahal Morning Coffee,4.4,18,2,27.7032,85.3092
Basantapur Square Tea Point,4.3,24,1,27.7035,85.3098
Jhochhen Morning Coffee Hub,4.4,15,2,27.7028,85.3105
Dharma Path Gate Bakery,4.1,22,2,27.7043,85.3112
Om Bahal Bridge Tea Stall,4.5,42,1,27.7025,85.3090
Basantapur Heritage Tea House,4.4,27,1,27.7037,85.3095
Jhochhen Metro Cafe,4.0,12,2,27.7031,85.3110
Dharma Path Local Tea Point,4.6,56,1,27.7042,85.3115
Om Bahal Gateway Coffee,4.1,11,2,27.7029,85.3094
Indrachowk Lassi Center,4.6,2200,1,27.7058,85.3115
Shree Kumari Bakery (Makhan),4.3,145,2,27.7052,85.3108
The Art Gallery Cafe (Makhan),4.2,34,2,27.7048,85.3105
Akash Bhairav Tea Stall,4.5,120,1,27.7060,85.3118
Makhan Heritage Tea House,4.4,28,1,27.7050,85.3102
Indrachowk Morning Coffee,4.1,19,2,27.7055,85.3120
Classic Bamboo Basantapur,4.2,56,2,27.7042,85.3100
Indrachowk Junction Tea,4.4,65,1,27.7058,85.3112
Makhan Crossing Coffee,4.3,15,2,27.7051,85.3106
Taleju Tea Point,4.5,88,1,27.7045,85.3108
Indrachowk Square Coffee,4.2,22,2,27.7057,85.3115
Makhan View Bakery,4.0,18,2,27.7053,85.3110
Indrachowk Old Tea House,4.7,110,1,27.7059,85.3114
Makhan Central Bakery,4.1,24,2,27.7049,85.3104
Taleju View Cafe,4.3,31,2,27.7043,85.3112
Indrachowk Street Cafe,3.9,12,1,27.7056,85.3118
Makhan Local Tea Point,4.6,45,1,27.7052,85.3101
Indrachowk Morning Dew Cafe,4.3,14,2,27.7058,85.3113
Makhan Heritage Coffee,4.2,11,2,27.7048,85.3107
Indrachowk Gate Bakery,4.1,27,2,27.7062,85.3120
Taleju Local Coffee Hub,4.2,15,2,27.7046,85.3105
Indrachowk Crossing Tea Stall,4.5,52,1,27.7055,85.3112
Makhan Morning Tea Stall,4.4,33,1,27.7051,85.3103
Indrachowk Heritage Tea House,4.3,19,1,27.7057,85.3116
Makhan Metro Cafe,4.0,14,2,27.7054,85.3109
Indrachowk Central Bakery,4.1,21,2,27.7059,85.3111
Taleju Heritage Tea,4.4,27,1,27.7044,85.3109
Indrachowk Local Tea Point,4.6,38,1,27.7056,85.3119
Makhan Square Tea Point,4.3,15,1,27.7050,85.3105
Indrachowk View Bakery,4.2,12,2,27.7060,85.3115
Makhan Junction Cafe,4.1,18,2,27.7053,85.3104
Taleju Crossing Tea Stall,4.5,24,1,27.7047,85.3110
Indrachowk Morning Coffee Hub,4.4,14,2,27.7058,85.3112
Makhan Bridge Tea Stall,4.5,31,1,27.7048,85.3101
Indrachowk Local Coffee Hub,4.2,11,2,27.7057,85.3114
Taleju Morning Coffee Hub,4.3,12,2,27.7045,85.3107
Indrachowk Heritage Tea,4.4,22,1,27.7059,85.3118
Makhan Old Tea House,4.7,45,1,27.7051,85.3106
Indrachowk Crossing Coffee,4.1,15,2,27.7056,85.3112
Taleju Square Tea Point,4.3,18,1,27.7046,85.3111
Indrachowk Gateway Coffee,4.0,11,2,27.7061,85.3122
Makhan Local Coffee Hub,4.2,14,2,27.7049,85.3102
Indrachowk Morning Dew Cafe,4.3,12,2,27.7057,85.3111
Taleju View Bakery,4.1,15,2,27.7043,85.3114
Indrachowk Square Tea Point,4.4,19,1,27.7058,85.3117
Makhan Morning Coffee,4.2,11,2,27.7052,85.3108
Indrachowk Metro Cafe,4.0,12,2,27.7060,85.3119
Taleju Morning Tea Stall,4.5,27,1,27.7044,85.3106
Indrachowk Bridge Tea Stall,4.5,33,1,27.7055,85.3110
Makhan Heritage Tea,4.3,15,1,27.7050,85.3103
Indrachowk Park Cafe (Edge),4.1,18,2,27.7063,85.3125
Taleju Central Coffee,4.2,14,2,27.7046,85.3113
Indrachowk Tea Break,4.3,21,1,27.7057,85.3112
Makhan Crossing Tea Stall,4.4,12,1,27.7053,85.3107
Indrachowk Local Tea,4.6,56,1,27.7058,85.3115
Taleju Gateway Coffee,4.1,11,2,27.7045,85.3110
Indrachowk Central Coffee,4.2,15,2,27.7059,85.3113
Makhan Morning Coffee Hub,4.4,18,2,27.7051,85.3105
Indrachowk Square Coffee,4.3,12,2,27.7056,85.3118
Taleju Old Tea House,4.7,31,1,27.7043,85.3108
Asan Corner Tea Stall,4.6,1200,1,27.7075,85.3135
Janabahal Morning Tea,4.5,450,1,27.7068,85.3128
Bhotebahal Bakery Hub,4.2,85,2,27.7025,85.3088
Annapurna Tea Center (Asan),4.4,310,1,27.7072,85.3140
Local Chiya Adda (Bhotebahal),4.3,56,1,27.7020,85.3092
Asan Tole Morning Coffee,4.1,28,2,27.7078,85.3138
Janabahal Heritage Coffee,4.3,34,2,27.7065,85.3125
Bhotebahal Crossing Tea,4.5,62,1,27.7028,85.3085
Asan Market Junction Tea,4.4,115,1,27.7074,85.3132
Janabahal Square Tea Point,4.6,92,1,27.7069,85.3130
Bhotebahal Central Bakery,4.1,19,2,27.7022,85.3090
Asan Old Tea House,4.7,210,1,27.7076,85.3136
Janabahal Local Coffee Hub,4.2,12,2,27.7067,85.3126
Bhotebahal Morning Dew Cafe,4.3,14,2,27.7024,85.3087
Asan Gate Bakery,4.0,22,2,27.7080,85.3142
Janabahal Heritage Tea House,4.5,45,1,27.7066,85.3129
Bhotebahal Street Cafe,3.9,31,1,27.7021,85.3091
Asan Local Tea Point,4.6,88,1,27.7073,85.3134
Janabahal Morning Coffee,4.4,15,2,27.7068,85.3127
Bhotebahal View Bakery,4.0,12,2,27.7026,85.3089
Asan Crossing Tea Stall,4.5,65,1,27.7077,85.3139
Janabahal Crossing Coffee,4.1,11,2,27.7069,85.3125
Bhotebahal Heritage Tea,4.3,18,1,27.7023,85.3093
Asan Square Coffee,4.2,27,2,27.7075,85.3137
Janabahal Old Tea Stall,4.7,56,1,27.7067,85.3131
Bhotebahal Local Coffee,4.1,14,2,27.7025,85.3086
Asan Heritage Tea House,4.4,33,1,27.7072,85.3141
Janabahal Junction Cafe,4.1,19,2,27.7070,85.3128
Bhotebahal Morning Coffee Hub,4.4,22,2,27.7022,85.3095
Asan Metro Cafe,4.0,15,2,27.7079,85.3135
Janabahal Local Tea Point,4.6,42,1,27.7065,85.3130
Bhotebahal Square Tea Point,4.3,24,1,27.7027,85.3092
Asan Morning Coffee Hub,4.4,11,2,27.7074,85.3133
Janabahal View Bakery,4.0,18,2,27.7068,85.3124
Bhotebahal Crossing Tea Stall,4.5,31,1,27.7024,85.3088
Asan Central Bakery,4.1,22,2,27.7076,85.3138
Janabahal Morning Dew Cafe,4.3,12,2,27.7067,85.3129
Bhotebahal Gate Bakery,4.1,15,2,27.7021,85.3094
Asan Local Coffee Hub,4.2,14,2,27.7073,85.3131
Janabahal Square Coffee,4.3,19,2,27.7069,85.3126
Bhotebahal Metro Cafe,4.0,11,2,27.7028,85.3084
Asan Heritage Tea,4.5,52,1,27.7075,85.3140
Janabahal Crossing Tea Stall,4.4,28,1,27.7066,85.3132
Bhotebahal Heritage Tea House,4.3,15,1,27.7023,85.3090
Asan View Bakery,4.1,31,2,27.7078,85.3134
Janabahal Gate Bakery,4.1,12,2,27.7068,85.3122
Bhotebahal Local Tea Point,4.6,56,1,27.7025,85.3087
Asan Junction Cafe,4.2,18,2,27.7074,85.3136
Janabahal Heritage Tea,4.4,24,1,27.7067,85.3130
Bhotebahal Square Coffee,4.2,11,2,27.7026,85.3093
Asan Tea Break,4.2,15,1,27.7076,85.3132
Janabahal Morning Tea Stall,4.5,33,1,27.7069,85.3128
Bhotebahal Central Coffee,4.2,14,2,27.7024,85.3085
Asan Gateway Coffee,4.1,11,2,27.7077,85.3139
Janabahal Bridge Tea Stall,4.5,21,1,27.7066,85.3134
Bhotebahal Park Cafe (Edge),4.3,18,2,27.7021,85.3081
Asan Morning Dew Cafe,4.3,12,2,27.7075,85.3135
Janabahal Central Bakery,4.1,15,2,27.7068,85.3125
Bhotebahal Morning Coffee,4.4,11,2,27.7023,85.3089
Asan Old Tea Stall,4.7,85,1,27.7073,85.3138
Lumbini Tea House (Thamel),4.4,215,1,27.7145,85.3112
Avocado Cafe (Thamel),4.3,320,2,27.7152,85.3105
Mero Coffee Ghar (Samakhusi),4.2,85,2,27.7215,85.3128
Caffeine Hub (Samakhusi),4.5,120,2,27.7222,85.3135
Burger House & Crunchy Fried Chicken (Samakhusi),4.0,450,2,27.7208,85.3122
Lily Cafe & Restaurant (Thamel),4.1,180,2,27.7140,85.3108
Cafe Mitra (Thamel),4.5,210,3,27.7155,85.3115
Steps Cafe (Samakhusi),4.2,56,2,27.7228,85.3130
Balcha Cafe (Samakhusi),4.3,34,2,27.7212,85.3125
Gongabu Mall Fast Food,3.8,110,1,27.7285,85.3118
Samakhusi Sweets & Tea,4.4,92,1,27.7218,85.3132
Thamel Sekuwa Corner & Cafe,4.2,65,2,27.7148,85.3110
Spot Cafe & Restro (Kapurdhara),4.1,42,2,27.7185,85.3145
Piro Cafe (Samakhusi),4.0,28,1,27.7225,85.3120
Street Lounge & Cafe,4.2,75,2,27.7230,85.3138
Jhigu Pasa Cafe (Baraudi),4.4,15,2,27.7210,85.3122
Daily Dose Cafe (Thamel),4.1,31,2,27.7158,85.3112
N Cafe & Bar (Samakhusi),4.0,22,2,27.7220,85.3130
Cakery Nepal (Samakhusi),4.6,18,2,27.7225,85.3135
Tempo Cafe (Ranibari),4.2,14,2,27.7198,85.3140
Thamel North Tea Point,4.5,88,1,27.7150,85.3110
Samakhusi Junction Coffee,4.3,34,2,27.7215,85.3130
Gongabu Bus Park Tea Stall,4.4,115,1,27.7290,85.3120
Kapurdhara Morning Coffee,4.2,22,2,27.7188,85.3148
Lainchaur Gate Bakery,4.1,56,2,27.7165,85.3152
Ranibari Local Tea Point,4.5,45,1,27.7195,85.3142
Samakhusi Square Coffee,4.3,19,2,27.7218,85.3132
Thamel Heritage Tea House,4.4,33,1,27.7142,85.3115
Galkopakha Local Coffee,4.1,27,2,27.7175,85.3135
New Bus Park View Bakery,4.0,31,2,27.7282,85.3125
Samakhusi Morning Dew Cafe,4.2,15,2,27.7220,85.3130
Kapurdhara Old Tea House,4.7,110,1,27.7182,85.3145
Thamel North Crossing Tea,4.5,65,1,27.7148,85.3112
Samakhusi Local Tea Point,4.6,52,1,27.7212,85.3134
Ranibari Heritage Tea House,4.3,18,1,27.7192,85.3140
Galkopakha Morning Coffee,4.4,12,2,27.7172,85.3138
Samakhusi Metro Cafe,4.0,24,2,27.7224,85.3132
Thamel North View Bakery,4.1,15,2,27.7152,85.3108
Kapurdhara Central Bakery,4.2,14,2,27.7186,85.3142
Samakhusi Street Cafe,3.9,31,1,27.7218,85.3128
Gongabu Crossing Tea Stall,4.4,28,1,27.7288,85.3122
Ranibari View Bakery,4.0,12,2,27.7196,85.3145
Samakhusi Morning Coffee Hub,4.4,18,2,27.7215,85.3131
Thamel North Local Tea,4.6,38,1,27.7145,85.3114
Kapurdhara Crossing Coffee,4.1,12,2,27.7182,85.3148
Galkopakha Heritage Tea,4.3,15,1,27.7170,85.3132
Samakhusi Crossing Tea Stall,4.5,65,1,27.7222,85.3135
Ranibari Local Coffee Hub,4.2,11,2,27.7192,85.3141
Thamel North Square Tea Point,4.4,21,1,27.7148,85.3110
Gongabu Junction Cafe,4.1,15,2,27.7285,85.3120
Samakhusi Heritage Tea House,4.3,22,1,27.7218,85.3134
Kapurdhara Metro Cafe,4.0,12,2,27.7185,85.3145
Ranibari Morning Tea Stall,4.5,33,1,27.7198,85.3140
Thamel North Gateway Coffee,4.1,11,2,27.7155,85.3112
Samakhusi View Bakery,4.2,15,2,27.7225,85.3132
Galkopakha Crossing Coffee,4.1,14,2,27.7178,85.3135
Ranibari Square Tea Point,4.3,19,1,27.7195,85.3144
Thamel North Morning Coffee,4.4,12,2,27.7142,85.3114
Samakhusi Central Coffee,4.2,11,2,27.7212,85.3130
Gongabu Park Cafe,4.1,18,2,27.7275,85.3125
Kaiser Cafe (Garden of Dreams),4.5,1200,3,27.7142,85.3148
Himalayan Java (Jamal),4.4,450,3,27.7085,85.3155
ND's Cafe & Ice Cream (Jyatha),4.1,320,2,27.7125,85.3138
Coffee & Art Cafe (Jamal),4.3,115,2,27.7092,85.3150
Mahabouddha Tea Hub,4.4,85,1,27.7058,85.3145
Bhotahity Morning Bakery,4.2,56,2,27.7075,85.3158
Janapath Coffee House (Jamal),4.0,42,2,27.7088,85.3152
Jyatha Heritage Tea House,4.5,64,1,27.7130,85.3135
Durbar High School Tea Stall,4.6,92,1,27.7072,85.3162
Jamal Junction Coffee,4.2,34,2,27.7095,85.3158
Inbahal Mithai Bhandar,4.5,110,1,27.7122,85.3132
Bhotahity Central Bakery,4.1,28,2,27.7078,85.3160
Mahabouddha Old Tea House,4.7,75,1,27.7055,85.3142
Jyatha Morning Dew Cafe,4.3,21,2,27.7128,85.3140
Jamal View Bakery,4.0,15,2,27.7090,85.3155
Mahabouddha Square Tea Point,4.4,52,1,27.7060,85.3148
Bhotahity Local Coffee Hub,4.2,12,2,27.7076,85.3155
Jyatha Street Cafe,3.9,24,1,27.7132,85.3138
Jamal Local Tea Point,4.6,45,1,27.7086,85.3150
Mahabouddha Heritage Coffee,4.3,18,2,27.7057,85.3144
Bhotahity Crossing Tea Stall,4.5,33,1,27.7074,85.3158
Jyatha Crossing Coffee,4.1,14,2,27.7125,85.3136
Jamal Heritage Tea House,4.4,27,1,27.7092,85.3153
Mahabouddha Morning Coffee,4.2,11,2,27.7059,85.3146
Bhotahity View Bakery,4.0,19,2,27.7079,85.3162
Jyatha Local Tea Point,4.6,38,1,27.7130,85.3132
Jamal Square Coffee,4.3,15,2,27.7089,85.3156
Mahabouddha Local Tea Point,4.5,56,1,27.7056,85.3143
Bhotahity Heritage Tea House,4.3,22,1,27.7075,85.3159
Jyatha Morning Coffee Hub,4.4,14,2,27.7127,85.3139
Jamal Metro Cafe,4.1,11,2,27.7087,85.3152
Mahabouddha Gate Bakery,4.1,28,2,27.7062,85.3145
Bhotahity Central Coffee,4.2,15,2,27.7077,85.3160
Jyatha Square Tea Point,4.4,19,1,27.7131,85.3134
Jamal Crossing Tea Stall,4.5,31,1,27.7094,85.3158
Mahabouddha View Bakery,4.0,12,2,27.7058,85.3141
Bhotahity Street Cafe,3.9,21,1,27.7076,85.3156
Jyatha Heritage Coffee,4.3,12,2,27.7129,85.3137
Jamal Bridge Tea Stall,4.5,24,1,27.7082,85.3165
Mahabouddha Crossing Coffee,4.1,15,2,27.7060,85.3146
Bhotahity Morning Coffee Hub,4.4,18,2,27.7075,85.3157
Jyatha Old Tea House,4.7,45,1,27.7126,85.3133
Jamal Morning Tea Stall,4.5,52,1,27.7085,85.3154
Mahabouddha Heritage Tea,4.4,33,1,27.7057,85.3148
Bhotahity Local Tea Point,4.6,65,1,27.7078,85.3160
Jyatha View Bakery,4.2,11,2,27.7133,85.3136
Jamal Crossing Coffee,4.1,14,2,27.7091,85.3155
Mahabouddha Old Tea Stall,4.7,88,1,27.7055,85.3144
Bhotahity Square Tea Point,4.3,19,1,27.7074,85.3159
Jyatha Junction Cafe,4.2,15,2,27.7128,85.3135
Jamal Tea Break,4.3,21,1,27.7088,85.3151
Mahabouddha Central Bakery,4.1,22,2,27.7061,85.3143
Bhotahity Morning Dew Cafe,4.3,12,2,27.7076,85.3158
Jyatha Gateway Coffee,4.1,11,2,27.7130,85.3138
Jamal Park Cafe (Edge),4.3,18,2,27.7102,85.3160
Mahabouddha Bridge Tea Stall,4.5,27,1,27.7052,85.3152
Bhotahity Heritage Tea,4.4,24,1,27.7073,85.3161
Jyatha Morning Coffee,4.4,15,2,27.7127,85.3136
Jamal Central Coffee,4.2,11,2,27.7086,85.3154
Mahabouddha Square Coffee,4.3,12,2,27.7058,85.3147
Himalayan Java (Kamaladi),4.4,520,3,27.7082,85.3205
Chiya Ghar (Putalisadak Edge),4.3,850,1,27.7065,85.3198
Nine Bars Cup Coffee Academy (Bagbazar),4.6,45,2,27.7058,85.3212
Baker's Delight (Putalisadak),4.1,120,2,27.7062,85.3195
Chiyasiya (Kamaladi),4.4,78,1,27.7078,85.3208
RedMud Coffee (Kamaladi),4.3,310,2,27.7085,85.3215
Bagbazar Morning Bakery,4.2,92,2,27.7060,85.3218
Kamaladi Coffee House,4.0,24,2,27.7080,85.3202
City Centre Food Court (Kamaladi),3.9,1100,2,27.7088,85.3218
G.G. Bakery (Bagbazar),4.1,65,2,27.7055,85.3205
Mithila Thali & Cafe,4.3,145,2,27.7068,85.3210
Sanyo Bakery (Bank Marg),4.0,22,2,27.7072,85.3200
Hot Breads (Bagbazar),4.2,180,2,27.7058,85.3215
Kamaladi Junction Tea,4.4,34,1,27.7082,85.3210
Putalisadak Morning Tea,4.5,115,1,27.7065,85.3195
Old Bus Park Tea Stall,4.2,210,1,27.7045,85.3185
Bagbazar Square Coffee,4.3,15,2,27.7057,85.3212
Kamaladi Heritage Tea,4.4,27,1,27.7080,85.3205
Bhotahity Edge Bakery,4.0,18,2,27.7075,85.3175
Student Corner Tea (Bagbazar),4.6,130,1,27.7062,85.3220
Kamaladi Morning Dew Cafe,4.2,12,2,27.7084,85.3208
Bagbazar Local Coffee Hub,4.1,22,2,27.7058,85.3210
Old Bus Park Bakery,3.9,45,2,27.7042,85.3188
Kamaladi Square Tea Point,4.3,19,1,27.7079,85.3212
Putalisadak Crossing Tea,4.5,52,1,27.7068,85.3198
Bagbazar Heritage Tea House,4.4,28,1,27.7056,85.3215
Kamaladi Central Bakery,4.1,15,2,27.7081,85.3202
Bank Marg Morning Coffee,4.3,11,2,27.7070,85.3205
Bagbazar View Bakery,4.0,14,2,27.7059,85.3222
Kamaladi Street Cafe,3.9,21,1,27.7085,85.3218
Putalisadak Local Tea,4.6,85,1,27.7066,85.3192
Bagbazar Crossing Tea Stall,4.5,65,1,27.7055,85.3218
Kamaladi Metro Cafe,4.0,12,2,27.7087,85.3215
Old Bus Park Morning Coffee,4.1,18,2,27.7048,85.3182
Bagbazar Morning Coffee Hub,4.4,15,2,27.7058,85.3212
Kamaladi Crossing Coffee,4.2,11,2,27.7082,85.3204
Putalisadak Square Tea,4.3,27,1,27.7064,85.3195
Bagbazar Local Tea Point,4.6,42,1,27.7060,85.3220
Kamaladi Gate Bakery,4.1,14,2,27.7083,85.3211
Bank Marg Local Coffee,4.2,12,2,27.7073,85.3198
Bagbazar Heritage Tea,4.3,19,1,27.7057,85.3214
Kamaladi Old Tea House,4.7,56,1,27.7080,85.3206
Putalisadak Heritage Tea,4.4,33,1,27.7067,85.3199
Bagbazar Metro Cafe,4.0,11,2,27.7061,85.3218
Kamaladi Local Coffee Hub,4.1,15,2,27.7084,85.3208
Old Bus Park Local Tea,4.5,38,1,27.7045,85.3185
Bagbazar Junction Cafe,4.2,14,2,27.7058,85.3215
Kamaladi Heritage Coffee,4.3,18,2,27.7082,85.3201
Putalisadak Crossing Coffee,4.1,12,2,27.7065,85.3196
Bagbazar Square Tea Point,4.4,21,1,27.7056,85.3210
Kamaladi View Bakery,4.0,11,2,27.7086,85.3214
Bank Marg Heritage Tea House,4.3,15,1,27.7071,85.3202
Bagbazar Morning Tea Stall,4.5,52,1,27.7059,85.3222
Kamaladi Gateway Coffee,4.1,11,2,27.7080,85.3209
Old Bus Park Square Tea,4.3,14,1,27.7043,85.3188
Bagbazar Central Coffee,4.2,15,2,27.7057,85.3213
Kamaladi Morning Coffee Hub,4.4,12,2,27.7083,85.3207
Putalisadak Local Tea Point,4.6,65,1,27.7066,85.3194
Bagbazar Park Cafe (Edge),4.3,18,2,27.7052,85.3225
Kamaladi Tea Break,4.2,11,1,27.7081,85.3205
Himalayan Java Coffee (Kalikasthan),4.4,850,3,27.7058,85.3255
Urban Roof Cafe (Dillibazar),4.3,310,2,27.7065,85.3242
The Cake Club (Kalika Marg),4.5,120,2,27.7045,85.3268
Krishna Bakery & Confectionery,4.1,280,2,27.7072,85.3235
Himalayan Beanz Coffee (Dillibazar),4.2,145,2,27.7068,85.3250
Dhorpatan Cafe (Dillibazar Road),4.0,52,2,27.7062,85.3248
Miraz Bakery (Dillibazar),4.2,110,2,27.7075,85.3238
Daleen Restro & Bar,4.4,95,2,27.7042,85.3272
Cafe Luwak (Dillibazar),4.1,64,2,27.7060,85.3240
Purnima Bakery and Coffee Shop,4.0,22,2,27.7078,85.3232
Go Organic Cafe (Kalikasthan),4.5,38,2,27.7048,85.3265
Safal Lumbini Fast Food & Bakery,4.2,115,1,27.7065,85.3245
A.B.C Cafe (Dillibazar),4.0,28,2,27.7063,85.3242
Anamnagar Coffee Shop,4.2,75,2,27.7015,85.3285
Cafe Kalika,4.3,31,2,27.7046,85.3262
Suryodaya Cafe (Dillibazar),3.9,18,2,27.7066,85.3248
Resunga Coffee Shop (Anamnagar),4.1,24,2,27.7018,85.3282
Dillibazar Morning Tea Stall,4.6,92,1,27.7070,85.3235
Kalika Marg Heritage Tea,4.4,45,1,27.7043,85.3270
Anamnagar Junction Coffee,4.2,33,2,27.7012,85.3288
Babar Mahal Edge Coffee,4.3,19,2,27.6995,85.3292
Dillibazar Square Tea Point,4.5,56,1,27.7068,85.3241
Kalikasthan View Bakery,4.2,14,2,27.7045,85.3266
Anamnagar Central Bakery,4.1,22,2,27.7016,85.3284
Dillibazar Local Coffee Hub,4.2,15,2,27.7064,85.3244
Kalikasthan Old Tea House,4.7,65,1,27.7042,85.3268
Anamnagar Morning Dew Cafe,4.3,12,2,27.7014,85.3286
Dillibazar Crossing Tea Stall,4.5,42,1,27.7072,85.3238
Kalika Marg Square Coffee,4.3,18,2,27.7044,85.3271
Anamnagar Local Tea Point,4.6,31,1,27.7010,85.3282
Dillibazar Street Cafe,3.9,27,1,27.7065,85.3246
Kalikasthan Heritage Tea,4.4,21,1,27.7047,85.3264
Anamnagar Metro Cafe,4.0,11,2,27.7018,85.3289
Dillibazar Central Coffee,4.2,14,2,27.7067,85.3242
Kalikasthan Morning Coffee Hub,4.4,15,2,27.7045,85.3268
Anamnagar Crossing Tea,4.5,28,1,27.7015,85.3283
Dillibazar Heritage Tea House,4.3,19,1,27.7070,85.3236
Kalika Marg Junction Cafe,4.1,12,2,27.7046,85.3272
Anamnagar View Bakery,4.1,15,2,27.7013,85.3287
Dillibazar Gate Bakery,4.1,24,2,27.7075,85.3234
Kalikasthan Local Coffee,4.2,11,2,27.7044,85.3265
Anamnagar Heritage Tea,4.4,22,1,27.7016,85.3281
Dillibazar Crossing Coffee,4.1,14,2,27.7068,85.3245
Kalikasthan Metro Cafe,4.0,12,2,27.7048,85.3266
Anamnagar Morning Tea Stall,4.5,33,1,27.7012,85.3284
Dillibazar Local Tea Point,4.6,45,1,27.7069,85.3240
Kalika Marg Heritage Coffee,4.3,11,2,27.7045,85.3270
Anamnagar Square Tea Point,4.4,19,1,27.7015,85.3286
Dillibazar Morning Coffee,4.4,12,2,27.7066,85.3243
Kalikasthan Crossing Tea Stall,4.5,27,1,27.7042,85.3269
Anamnagar Local Coffee Hub,4.2,11,2,27.7017,85.3283
Dillibazar Heritage Tea,4.5,38,1,27.7071,85.3237
Kalika Marg Morning Dew Cafe,4.3,12,2,27.7044,85.3273
Anamnagar Gate Bakery,4.1,18,2,27.7014,85.3288
Dillibazar Bridge Tea Stall,4.5,21,1,27.7073,85.3239
Kalikasthan Junction Tea,4.4,15,1,27.7046,85.3267
Anamnagar Street Cafe,3.9,14,1,27.7018,85.3281
Dillibazar View Bakery,4.1,11,2,27.7074,85.3232
Kalika Marg Local Tea Point,4.6,31,1,27.7043,85.3271
Anamnagar Square Coffee,4.2,15,2,27.7016,85.3285
Caffeophilia (Gyaneshwor),4.8,210,2,27.7097,85.3327
Café Bizarre (Thirbam Sadak),4.9,85,2,27.7112,85.3283
Paradise Bake and Brew (Maitidevi),5.0,42,2,27.7066,85.3336
The Bakery Cafe (Gyaneshwor),4.1,850,2,27.7088,85.3315
Maitidevi Sweet House,4.4,120,1,27.7058,85.3332
Tofic Bakery (Gyaneshwor),5.0,18,2,27.7124,85.3350
Gyaneshwor Tea & Coffee Center,3.9,65,1,27.7085,85.3316
Hello Brew Cafe (Sahid Marg),4.3,34,2,27.7075,85.3305
Maitidevi Khaja Ghar,4.2,56,1,27.7062,85.3338
RedMud Coffee (Gyaneshwor),4.3,180,2,27.7092,85.3320
Nandan Foods (Ratopul),4.1,92,2,27.7115,85.3362
Standard Bakery (Maitidevi),4.0,28,2,27.7065,85.3335
Gyaneshwor Junction Coffee,4.4,15,2,27.7082,85.3312
Maitidevi Morning Tea Stall,4.6,75,1,27.7055,85.3330
Ratopul Edge Coffee,4.2,22,2,27.7110,85.3358
Thirbam Sadak Local Tea,4.5,31,1,27.7115,85.3285
Gyaneshwor Square Coffee,4.3,12,2,27.7090,85.3318
Maitidevi Heritage Tea,4.4,45,1,27.7057,85.3334
Galkopakha Crossing Coffee,4.1,14,2,27.7078,85.3325
Ananda Bhairab Tea Point,4.3,27,1,27.7045,85.3302
Maitidevi Local Coffee Hub,4.2,18,2,27.7060,85.3332
Gyaneshwor Morning Dew Cafe,4.4,11,2,27.7085,85.3310
Ratopul Central Bakery,4.1,24,2,27.7112,85.3355
Thirbam Sadak Heritage Tea,4.4,19,1,27.7118,85.3288
Maitidevi View Bakery,4.0,12,2,27.7068,85.3338
Gyaneshwor Street Cafe,3.9,21,1,27.7095,85.3322
Maitidevi Crossing Tea Stall,4.5,52,1,27.7062,85.3335
Ratopul Morning Coffee,4.2,15,2,27.7118,85.3360
Gyaneshwor Metro Cafe,4.0,11,2,27.7088,85.3315
Thirbam Sadak Local Coffee,4.1,14,2,27.7110,85.3282
Maitidevi Square Tea Point,4.3,33,1,27.7056,85.3331
Gyaneshwor Heritage Tea House,4.4,22,1,27.7082,85.3314
Ratopul View Bakery,4.0,11,2,27.7115,85.3365
Maitidevi Morning Coffee Hub,4.4,18,2,27.7065,85.3333
Gyaneshwor Crossing Coffee,4.2,12,2,27.7092,85.3320
Thirbam Sadak Square Tea,4.3,15,1,27.7115,85.3284
Maitidevi Gate Bakery,4.1,28,2,27.7052,85.3330
Ratopul Local Tea Point,4.5,38,1,27.7112,85.3358
Gyaneshwor Central Coffee,4.2,11,2,27.7086,85.3312
Maitidevi Bridge Tea Stall,4.5,24,1,27.7072,85.3345
Gyaneshwor Morning Coffee Hub,4.4,15,2,27.7084,85.3316
Thirbam Sadak View Bakery,4.1,12,2,27.7120,85.3285
Maitidevi Old Tea House,4.7,65,1,27.7058,85.3332
Ratopul Crossing Coffee,4.1,11,2,27.7116,85.3356
Gyaneshwor Local Tea Point,4.6,42,1,27.7090,85.3314
Maitidevi Heritage Coffee,4.3,19,2,27.7062,85.3334
Thirbam Sadak Morning Tea,4.5,27,1,27.7114,85.3281
Maitidevi Junction Cafe,4.2,14,2,27.7059,85.3335
Gyaneshwor Gateway Coffee,4.1,11,2,27.7088,85.3318
Ratopul Square Tea Point,4.4,21,1,27.7114,85.3362
Maitidevi Central Bakery,4.2,15,2,27.7064,85.3332
Gyaneshwor View Bakery,4.1,12,2,27.7095,85.3311
Thirbam Sadak Heritage Coffee,4.3,11,2,27.7112,85.3286
Maitidevi Crossing Coffee,4.2,15,2,27.7066,85.3336
Ratopul Heritage Tea House,4.3,19,1,27.7113,85.3359
Gyaneshwor Old Tea Stall,4.7,56,1,27.7085,85.3314
Maitidevi Tea Break,4.3,22,1,27.7057,85.3330
Thirbam Sadak Junction Cafe,4.2,11,2,27.7116,85.3283
Gyaneshwor Park Cafe (Edge),4.3,18,2,27.7102,85.3325
Maitidevi Morning Dew Cafe,4.3,12,2,27.7061,85.3337
The School of Coffee Beans (Baneshwor),4.6,320,2,27.6912,85.3385
Ikigai Caffe (Shankhamul),4.5,145,2,27.6852,85.3325
Corner Bakery & Cafe (Shantinagar),4.2,85,2,27.6945,85.3412
Mithila Chiyalaya (Shantinagar),4.4,210,1,27.6938,85.3405
11 11 Cafe (Shantinagar),4.1,65,2,27.6952,85.3420
Basna Cafe & Restro (Aloknagar),4.3,38,2,27.6885,85.3365
Caffeine and Cocktail Restro,4.0,110,3,27.6925,85.3398
Smart Laundry Cafe (Shantinagar),4.2,28,2,27.6948,85.3415
Chattu Chai (Shantinagar),4.5,120,1,27.6942,85.3408
Syanko Katti Roll (Riverside),4.2,520,1,27.6845,85.3320
Alex Toast & Taste (Shankhamul),4.4,56,2,27.6855,85.3332
Minbhawan Morning Bakery,4.1,92,2,27.6905,85.3445
Shankhamul Heritage Tea,4.3,34,1,27.6858,85.3328
Aloknagar Junction Coffee,4.2,22,2,27.6882,85.3360
Shantinagar Square Tea Point,4.5,65,1,27.6940,85.3410
Minbhawan Crossing Coffee,4.1,15,2,27.6908,85.3448
Shankhamul View Cafe,4.4,115,2,27.6850,85.3322
Aloknagar Local Tea Point,4.5,45,1,27.6888,85.3368
Shantinagar Heritage Coffee,4.3,18,2,27.6945,85.3412
Minbhawan Central Bakery,4.0,24,2,27.6902,85.3442
Shankhamul Riverside Tea,4.6,88,1,27.6848,85.3318
Aloknagar Morning Dew Cafe,4.2,12,2,27.6884,85.3362
Shantinagar Old Tea House,4.7,110,1,27.6942,85.3405
Minbhawan View Bakery,4.0,31,2,27.6910,85.3450
Shankhamul Square Coffee,4.3,19,2,27.6855,85.3330
Aloknagar Heritage Tea,4.4,27,1,27.6880,85.3365
Shantinagar Crossing Tea,4.5,52,1,27.6948,85.3418
Minbhawan Local Tea Point,4.6,38,1,27.6905,85.3444
Shankhamul Crossing Coffee,4.1,12,2,27.6852,85.3328
Aloknagar Metro Cafe,4.0,14,2,27.6887,85.3370
Shantinagar Morning Coffee,4.4,18,2,27.6941,85.3412
Minbhawan Heritage Tea House,4.3,15,1,27.6912,85.3446
Shankhamul Gate Bakery,4.1,27,2,27.6857,85.3335
Aloknagar Local Coffee Hub,4.2,11,2,27.6882,85.3364
Shantinagar Junction Cafe,4.1,21,2,27.6943,85.3410
Minbhawan Morning Coffee Hub,4.4,14,2,27.6904,85.3440
Shankhamul Heritage Tea House,4.3,19,1,27.6854,85.3324
Aloknagar Crossing Tea Stall,4.5,33,1,27.6886,85.3366
Shantinagar Central Bakery,4.2,14,2,27.6944,85.3414
Minbhawan Street Cafe,3.9,24,1,27.6908,85.3445
Shankhamul View Bakery,4.0,12,2,27.6851,85.3320
Aloknagar Square Tea Point,4.3,21,1,27.6884,85.3362
Shantinagar Local Coffee Hub,4.2,15,2,27.6946,85.3412
Minbhawan Crossing Tea Stall,4.5,56,1,27.6906,85.3448
Shankhamul Morning Dew Cafe,4.3,12,2,27.6853,85.3326
Aloknagar Gate Bakery,4.1,18,2,27.6888,85.3372
Shantinagar View Bakery,4.0,11,2,27.6942,85.3415
Minbhawan Local Coffee Hub,4.1,12,2,27.6902,85.3442
Shankhamul Riverside Coffee,4.2,28,2,27.6845,85.3315
Aloknagar Morning Coffee Hub,4.4,15,2,27.6885,85.3363
Shantinagar Metro Cafe,4.0,12,2,27.6945,85.3420
Minbhawan Square Tea Point,4.3,19,1,27.6909,85.3447
Shankhamul Bridge Tea Stall,4.5,42,1,27.6840,85.3310
Aloknagar Central Coffee,4.2,14,2,27.6883,85.3361
Shantinagar Heritage Tea House,4.4,31,1,27.6940,85.3408
Minbhawan Morning Tea Stall,4.5,27,1,27.6903,85.3442
Shankhamul Gateway Coffee,4.1,11,2,27.6855,85.3330
Aloknagar Park Cafe (Edge),4.3,18,2,27.6875,85.3355
Shantinagar Tea Break,4.2,15,1,27.6944,85.3412
Minbhawan Old Tea House,4.7,45,1,27.6905,85.3444
Koteshwor Momo,4.1,280,1,27.6755,85.3458
Indrachowk Lassi Center (Koteshwor Branch),4.4,150,1,27.6762,85.3465
KaidaKo Coffee House,4.8,42,2,27.6738,85.3442
Chicken Station Koteshwor,4.0,320,2,27.6752,85.3455
The Burger House & Crunchy Fried Chicken,4.1,510,2,27.6758,85.3462
Chattu Chai (Jadibuti),4.5,88,1,27.6745,85.3525
Chiya Table,4.4,56,1,27.6740,85.3518
Hot Live Bakery (Koteshwor),4.2,65,2,27.6754,85.3468
Naila Bakery and Cafe,4.3,34,2,27.6735,85.3530
Barista Coffee Shop,4.2,28,2,27.6765,85.3450
The Saffron Bakery,4.5,12,2,27.6750,85.3472
Baker's Treat,4.4,15,2,27.6748,85.3460
Bello Bakery Cafe,4.1,22,2,27.6760,85.3445
S.M. Bakery Cafe & Gaming,4.0,45,2,27.6755,85.3475
Koteshwor Bakery (Ratna Marg),3.9,18,2,27.6752,85.3466
Nepal Express Bakery,4.2,14,2,27.6825,85.3422
J.S. Fast Food Cafe,4.0,31,1,27.6757,85.3452
Friendship Piyaji Station,4.6,92,1,27.6742,85.3520
Matka Tea and Cafe (Jadibuti),4.5,110,1,27.6748,85.3535
Mero Cafe (Jadibuti),4.1,24,2,27.6732,85.3528
8 Teens Cafe,4.3,19,2,27.6730,85.3515
Chiyawala (Koteshwor),4.4,52,1,27.6768,85.3455
Karnali Brother's Cafe,4.2,15,2,27.6772,85.3448
Guufff Gaff Cafe,3.8,22,1,27.6765,85.3462
Diva's Cafe,4.0,11,2,27.6758,85.3470
Anmol Bakery Cafe,4.1,14,2,27.6755,85.3468
Flowrence FoodLand Cafe,4.2,27,2,27.6750,85.3475
Tea-rrific Café,4.4,18,2,27.6762,85.3458
Cheers Cafe,4.1,33,2,27.6735,85.3522
Aone Cafe,4.0,12,2,27.6738,85.3512
Shrestha Cafe (Jadibuti),3.9,15,2,27.6742,85.3510
Black & Yellow Cafe,4.2,11,2,27.6736,85.3515
Moonlit Morning Restro,4.3,28,2,27.6755,85.3465
T-Ghar (Koteshwor),4.5,45,1,27.6765,85.3452
Indreni Food Stick Cafe,4.2,31,2,27.6752,85.3460
Cooker Coffee,4.4,19,2,27.6758,85.3455
Everyday Food Cafe,4.0,24,1,27.6756,85.3452
Chautari Cafe,4.2,12,1,27.6754,85.3458
S Cafe,3.9,15,2,27.6752,85.3462
Royal 66 Bar & Restaurant,4.1,18,3,27.6750,85.3465
Jadibuti Morning Tea,4.6,56,1,27.6745,85.3528
Koteshwor Junction Tea,4.4,38,1,27.6762,85.3455
Subidhanagar Bakery Hub,4.2,11,2,27.6828,85.3425
Alina's Bakery (Edge),4.3,65,2,27.6830,85.3430
Gingerbread Bakery,4.5,21,2,27.6822,85.3420
Cakemandu Bakery,4.4,14,2,27.6826,85.3424
Bello Bakery Cafe,4.1,12,2,27.6765,85.3448
Sweet Spot Bakery,4.2,15,2,27.6820,85.3418
Koteshwor Crossing Tea,4.5,33,1,27.6760,85.3455
Jadibuti Square Coffee,4.3,12,2,27.6742,85.3525
Subidhanagar Local Tea,4.6,27,1,27.6832,85.3428
Koteshwor Heritage Tea,4.4,19,1,27.6764,85.3460
Jadibuti Central Bakery,4.1,11,2,27.6746,85.3532
Subidhanagar Street Cafe,3.9,15,1,27.6825,85.3422
Koteshwor View Bakery,4.0,12,2,27.6758,85.3468
Jadibuti Morning Coffee Hub,4.4,14,2,27.6748,85.3530
Subidhanagar Morning Coffee,4.3,11,2,27.6824,85.3426
Koteshwor Metro Cafe,4.0,18,2,27.6755,85.3455
Jadibuti Crossing Tea Stall,4.5,24,1,27.6744,85.3522
Subidhanagar Local Coffee,4.2,11,2,27.6828,85.3425
The School of Coffee Beans (Old Baneshwor),4.6,310,2,27.7018,85.3395
Himalayan Java Coffee (Old Baneshwor),4.4,220,3,27.7025,85.3402
A One Cafe (Old Baneshwor),4.1,450,2,27.7015,85.3388
Matka Chiya Hub (Mid-Baneshwor),4.5,185,1,27.6985,85.3412
Tandoori Chiyaholic (Balkumari Road),4.4,92,1,27.6992,85.3405
Baker's Den (Old Baneshwor),4.3,120,2,27.7020,85.3398
Caffeophilia (Baneshwor Edge),4.7,56,2,27.7012,85.3385
Chiya Ghar (Bhimsengola),4.4,680,1,27.7045,85.3435
RedMud Coffee (Old Baneshwor),4.3,145,2,27.7028,85.3410
Hot Breads (Old Baneshwor),4.2,210,2,27.7016,85.3392
Old Baneshwor Morning Bakery,4.1,42,2,27.7022,85.3390
Mid-Baneshwor Junction Coffee,4.2,34,2,27.6988,85.3408
Bhimsengola Local Tea Point,4.5,115,1,27.7048,85.3438
Apex Side Tea Stall,4.6,92,1,27.7005,85.3395
Old Baneshwor Square Coffee,4.3,27,2,27.7019,85.3396
Mid-Baneshwor Heritage Tea,4.4,52,1,27.6984,85.3415
Bhimsengola Morning Bakery,4.2,18,2,27.7042,85.3432
Old Baneshwor Central Bakery,4.1,28,2,27.7017,85.3400
Mid-Baneshwor Local Coffee Hub,4.2,12,2,27.6990,85.3412
Bhimsengola Crossing Tea,4.5,65,1,27.7044,85.3440
Old Baneshwor Street Cafe,3.9,24,1,27.7020,85.3388
Mid-Baneshwor View Bakery,4.0,15,2,27.6986,85.3418
Bhimsengola Heritage Tea House,4.3,22,1,27.7046,85.3434
Old Baneshwor Local Tea Point,4.6,88,1,27.7014,85.3392
Mid-Baneshwor Square Tea Point,4.3,19,1,27.6982,85.3410
Bhimsengola Metro Cafe,4.0,11,2,27.7049,85.3436
Old Baneshwor Heritage Coffee,4.3,15,2,27.7018,85.3405
Mid-Baneshwor Morning Coffee,4.4,18,2,27.6985,85.3406
Bhimsengola Junction Cafe,4.1,12,2,27.7045,85.3442
Old Baneshwor View Bakery,4.0,11,2,27.7025,85.3408
Mid-Baneshwor Crossing Tea Stall,4.5,56,1,27.6988,85.3414
Bhimsengola Morning Dew Cafe,4.3,14,2,27.7047,85.3430
Old Baneshwor Gate Bakery,4.1,22,2,27.7012,85.3412
Mid-Baneshwor Central Coffee,4.2,11,2,27.6987,85.3405
Bhimsengola Square Tea Point,4.4,21,1,27.7043,85.3438
Old Baneshwor Morning Tea Stall,4.5,45,1,27.7016,85.3402
Mid-Baneshwor Local Tea Point,4.6,33,1,27.6992,85.3410
Bhimsengola Old Tea House,4.7,52,1,27.7044,85.3435
Old Baneshwor Crossing Coffee,4.1,14,2,27.7019,85.3398
Mid-Baneshwor Heritage Tea House,4.3,12,1,27.6984,85.3412
Bhimsengola Crossing Coffee,4.1,11,2,27.7048,85.3444
Old Baneshwor Local Coffee Hub,4.2,18,2,27.7021,85.3404
Mid-Baneshwor Square Coffee,4.3,15,2,27.6989,85.3408
Bhimsengola Local Coffee Hub,4.2,14,2,27.7046,85.3432
Old Baneshwor Heritage Tea,4.4,31,1,27.7015,85.3410
Mid-Baneshwor Crossing Coffee,4.1,12,2,27.6991,85.3415
Bhimsengola View Bakery,4.0,15,2,27.7050,85.3438
Old Baneshwor Junction Cafe,4.2,27,2,27.7023,85.3402
Mid-Baneshwor Morning Dew Cafe,4.3,11,2,27.6986,85.3410
Bhimsengola Heritage Tea,4.4,19,1,27.7045,85.3440
Old Baneshwor Tea Break,4.3,14,1,27.7017,85.3396
Mid-Baneshwor Metro Cafe,4.0,12,2,27.6983,85.3418
Bhimsengola Square Coffee,4.3,11,2,27.7042,85.3436
Old Baneshwor Gateway Coffee,4.1,11,2,27.7020,85.3405
Mid-Baneshwor Bridge Tea Stall,4.5,21,1,27.6978,85.3422
Bhimsengola Park Cafe (Edge),4.3,18,2,27.7052,85.3445
Old Baneshwor Morning Coffee Hub,4.4,12,2,27.7014,85.3411
Mid-Baneshwor Central Bakery,4.2,15,2,27.6985,85.3413
Bhimsengola Local Tea Stall,4.6,38,1,27.7048,85.3432
Old Baneshwor Old Tea Stall,4.7,65,1,27.7018,85.3390
Himalayan Java (New Baneshwor),4.5,1500,3,27.6915,85.3332
Baneshwor Spa & Cafe,4.2,110,2,27.6922,85.3345
Soul Cafe (Korean Food),4.4,215,2,27.6930,85.3358
The Bakery Cafe (Baneshwor),4.1,2200,2,27.6910,85.3325
Chiya Adda (Baneshwor),4.3,850,1,27.6928,85.3340
Java Nomad (New Baneshwor),4.5,75,2,27.6918,85.3338
Indrachowk Lassi (Baneshwor Br.),4.4,420,1,27.6920,85.3335
Coffee Express (Baneshwor),4.0,56,2,27.6912,85.3328
Baneshwor Central Bakery,4.2,130,2,27.6914,85.3330
Chiya Sagar (Baneshwor),4.5,310,1,27.6935,85.3350
Cafe Soma (Baluwatar),4.6,920,3,27.7215,85.3308
Avocado Cafe,4.4,450,3,27.7222,85.3315
Pauline's Garden,4.5,320,3,27.7230,85.3302
The Workshop Bakery,4.7,280,2,27.7208,85.3312
The Corner Cafe,4.3,115,2,27.7212,85.3320
Baluwatar Coffee Point,4.2,64,2,27.7225,85.3318
RedMud Coffee (Baluwatar),4.3,180,2,27.7210,85.3305
The Local Cafe,4.1,45,2,27.7235,85.3322
Heritage Bakery (Baluwatar),4.4,92,2,27.7218,85.3310
Bricks Cafe (Baluwatar Edge),4.3,610,3,27.7195,85.3328